Tiuribis,Snatchpd,jaum22,hello_mrthompson,Desperate_Tadpole545,leofedeno,neverpostnorcomment,CebolitosLover,Due-Ring-1258,smegma_yogurt,brotocarioca,lordcanarin,burnermanx,RogueBromeliad,KidAInRainbowsOk,slimpedroca,notimano,Misantropicalia,DeepNavyBlue,OptimalSurprise9437,RakonHenri,Percilia,mxosborn,Opistoleiro666,pororoca_surfer
brasil,brasil,brasil,brasil,brasil,maconha_brasil,brasil,brasil,brasil,worldnews,futebol,brasil,gamesEcultura,Whatcouldgowrong,brasil,brasil,brasil,brasil,u_DeepNavyBlue,brasil,oddlyterrifying,brasil,sexualidade,ApoioVet,brasil
HUEstation,brasil,brasil,botecodoreddit,brasil,Hiphopcirclejerk,brasil,brasil,brasil,brasil,brasil,brasil,carros,Whatcouldgowrong,brasil,brasil,brasil,brasil,filmeseseries,antitrampo,InsaneParler,brasil,arco_iris,ApoioVet,brasil
HUEstation,brasil,brasil,brasil,brasil,Hiphopcirclejerk,dalle2,brasil,brasil,worldnews,futebol,brasil,carros,Whatcouldgowrong,brasil,futebol,brasil,estudosBR,filmeseseries,brasil,shitpostbrasil,brasil,sexualidade,NudeNonNude,brasil
OnePiece,BrasildoB,brasil,brasil,harrypotter,rap,dalle2,PokemonGoMystic,farialimabets,brasil,brdev,brasil,carros,Whatcouldgowrong,brasil,futebol,brasil,brasil,filmeseseries,brasil,ShitpostBR,brasil,brasil,Gatos,brasil
brasil,BrasildoB,O_PACOTE,ApoioVet,brasil,brasil,brasil,brasil,brasil,brasil,futebol,brasil,carros,Whatcouldgowrong,brasil,futebol,brasil,estudosBR,brasil,brasil,SemContexto,brasil,arco_iris,Gatos,brasil
brasil,BrasildoB,brasil,futebol,beatles,brasil,brasil,gororoba,brasil,brasil,futebol,brasil,carros,comics,brasil,futebol,brasil,brasil,gamesEcultura,brasil,clubedoscem,desabafos,eu_nvr,brasil,brasil
brasil,BrasildoB,brasil,jogatina,brasil,brasil,brasil,PokemonGoMystic,Maromba,brasil,futebol,brasil,carros,YuYuHakusho,brasil,futebol,brasil,desabafos,desabafos,brasil,eu_si_divirto,desabafos,arco_iris,brasil,pirataria
QueroAchar,brasil,brasil,futebol,brasil,brasil,brasil,brasil,Maromba,brasil,futebol,brasil,carros,HunterXHunter,futebol,futebol,brasil,brasil,NovoNoReddit,brasil,AgiotasClub,Twitter_Brasil,arco_iris,brasil,AskReddit
Gambiarra,BrasildoB,brasil,XboxBrasil,botecodoreddit,brasil,brasil,brasil,filmeseseries,brasil,futebol,brasil,brasil,HunterXHunter,futebol,futebol,brasil,brasil,PergunteReddit,investimentos,botecodoreddit,Livros,asklatinamerica,brasil,Eldenring
brasil,BrasildoB,brasil,futebol,harrypotter,brasil,brasil,brasil,conversas,brasil,futebol,brasil,brasil,HunterXHunter,brasil,futebol,brasil,brasil,brasil,investimentos,brasil,filmeseseries,midjourney,brasil,Eldenring
brasil,brasil,O_PACOTE,futebol,brasil,brasil,brasil,brasil,antitrampo,news,futebol,brasil,brasil,HunterXHunter,brasil,futebol,brasil,brasil,gamesEcultura,investimentos,hardwarebrasil,brasil,sexualidade,brasil,Eldenring
brasil,brasil,O_PACOTE,brasil,jovemnerd,brasil,brasil,brasil,gamesEcultura,BikiniBottomTwitter,futebol,brasil,carros,brasil,Twitter_Brasil,futebol,brasil,brasil,brasil,brasil,InternetBrasil,antitrampo,arco_iris,brasil,AITAH
brasil,BrasildoB,brasil,brasil,brasil,brasil,brasil,brasil,BrasildoB,brasil,futebol,brasil,carros,brasil,farialimabets,futebol,brasil,brasil,brasil,brasil,Twitter_Brasil,antitrampo,brasil,brasil,onlyfansadvice
brasil,brasil,brasil,botecodoreddit,brasil,brasil,brasil,brasil,conversas,brasil,futebol,brasil,carros,brasil,futebol,futebol,brasil,brasil,brasil,saopaulo,caso_isolado,botecodoreddit,arco_iris,brasil,onlyfansadvice
tattoos,BrasildoB,brasil,botecodoreddit,brasil,brasil,dalle2,brasil,gamesEcultura,news,futebol,brasil,carros,pics,brasil,futebol,brasil,desabafos,brasil,brasil,brasil,antitrampo,brasil,brasil,AITAH
Feet_NSFW,brasil,brasil,antitrampo,brasil,brasil,brasil,brasil,brasil,computadores,futebol,brasil,brasil,pics,brasil,futebol,BrasildoB,brasil,gamesEcultura,brasil,CongressoConsequencia,brasil,sexualidade,brasil,AITAH
OnePiece,brasil,brasil,RelatosDoReddit,brasil,brasil,dalle2,PokemonGoMystic,brasil,cursedcomments,futebol,brasil,brasil,brasil,brasil,brasil,BrasildoB,brasil,gamesEcultura,brasil,caso_isolado,conversas,brasil,PizzaCrimes,nottheonion
brasil,brasil,O_PACOTE,futebol,brasil,brasil,news,botecodoreddit,brasil,computadores,futebol,brasil,brasil,brasil,brasil,futebol,brasil,brasil,filmeseseries,brasil,brasil,brasil,sexualidade,PizzaCrimes,Steam
brasil,brasil,brasil,pisca,brasil,botecodoreddit,dalle2,PokemonGoMystic,conversas,spaceporn,brasil,brasil,carros,brasil,PergunteReddit,futebol,brasil,brasil,brasil,brasil,shitpostbrasil,brasil,brasil,brasil,Steam
brasil,brasil,brasil,futebol,brasil,antitrampo,dalle2,brasil,RelatosDoReddit,brasil,brasil,brasil,brasil,Invincible,Twitter_Brasil,futebol,brasil,brasil,brasil,brasil,ShitpostBR,brasil,brasil,brasil,HolUp
brasil,BrasildoB,brasil,futebol,harrypotter,antitrampo,brasil,brasil,brasil,EnquetesBrasil,brasil,brasil,riodejaneiro,Whatcouldgowrong,ShitpostBR,futebol,BrasildoB,brasil,brasil,brasil,eu_si_divirto,brasil,brasil,brasil,brasil
brasil,brasil,brasil,futebol,beatles,antitrampo,news,brasil,brasil,sciencememes,brasil,brasil,riodejaneiro,Satisfyingasfuck,brasil,brasil,BrasildoB,brasil,brasil,brasil,AgiotasClub,brasil,sexualidade,PizzaCrimes,oddlysatisfying
brasil,BrasildoB,brasil,estudosBR,brasil,antitrampo,news,brasil,RelatosDoReddit,animememes,brasil,brasil,brasil,HunterXHunter,filmes,brasil,brasil,brasil,brasil,farialimabets,brasil,brasil,brasil,brasil,OpenAI
brasil,brasil,brasil,brasil,brasil,antitrampo,news,brasil,gamesEcultura,brasil,brasil,brasil,carros,nextfuckinglevel,arco_iris,brasil,brasil,brasil,brasil,brasil,InesperadoCu,brasil,brasil,brasil,brasil
brasil,BrasildoB,brasil,futebol,brasil,antitrampo,news,brasil,desabafos,2latinoforyou,brasil,brasil,brasil,HunterXHunter,brasil,futebol,BrasildoB,brasil,Passarinhos,brasil,caso_isolado,brasil,brasil,brasil,WILTY
OnePiece,brasil,brasil,antitrampo,thelastofus,antitrampo,news,PokemonGoMystic,PergunteReddit,investimentos,futebol,brasil,brdev,HunterXHunter,brasil,brasil,BrasildoB,brasil,brasil,brasil,brasil,30mais,brasil,brasil,brasil
brasil,brasil,brasil,antitrampo,brasil,brasil,brasil,brasil,RelatosDoReddit,ProgrammerHumor,futebol,brasil,brdev,comics,Cultivonha,futebol,brasil,brasil,filmeseseries,brasil,yo_ctm,brasil,brasil,brasil,brasil
brasil,brasil,brasil,futebol,brasil,brasil,dalle2,brasil,PergunteReddit,botecodoreddit,futebol,brasil,brasil,doodles,ateismo_br,brasil,brasil,brasil,brasil,brasil,conversas,brasil,brasil,brasil,todayilearned
OldSchoolCool,BrasildoB,brasil,futebol,brasil,brasil,dalle2,brasil,brasil,botecodoreddit,futebol,brasil,brasil,brasil,brasil,brasil,brasil,brasil,brasil,SonyAlpha,conversas,Twitter_Brasil,brasil,brasil,todayilearned
brasil,BrasildoB,brasil,brasil,brasil,brasil,brasil,brasil,brasil,brasil,futebol,conversas,carros,brasil,brasil,brasil,brasil,brasil,filmeseseries,brasil,caso_isolado,Twitter_Brasil,brasil,brasil,antitrampo
brasil,brasil,brasil,estudosBR,brasil,brasil,brasil,brasil,brasil,brasil,futebol,brasil,carros,Whatcouldgowrong,brasil,brasil,brasil,brasil,Livros,Idiomas,brasil,brasil,brasil,brasil,todayilearned
OnePiece,brasil,brasil,brasil,brasil,brasil,Unexpected,brasil,brasil,brasil,brasil,brasil,carros,doodles,Cultivonha,brasil,brasil,brasil,brasil,brasil,caso_isolado,brasil,brasil,brasil,antitrampo
brasil,brasil,brasil,ApoioVet,brasil,brasil,brasil,brasil,farialimabets,brasil,futebol,brasil,carros,comics,MeJulgue,brasil,brasil,TheDeprogram,brasil,direito,brasil,relacionamentos,sexualidade,brasil,antiwork
PhotoshopRequest,brasil,brasil,botecodoreddit,brasil,desabafos,Unexpected,brasil,antitrampo,brasil,brasil,conversas,brasil,HunterXHunter,Cultivonha,brasil,brasil,TheDeprogram,brasil,farialimabets,caso_isolado,relacionamentos,sexualidade,brasil,antitrampo
PhotoshopRequest,brasil,rolesdoronaldinho,futebol,beatles,desabafos,brasil,brasil,brasil,brasil,brasil,brdev,brasil,Whatcouldgowrong,RelatosDoReddit,futebol,brasil,coolguides,futebol,investimentos,caso_isolado,CrazyFuckingVideos,brasil,brasil,antitrampo
PhotoshopRequest,brasil,brasil,brasil,Gambiarra,farialimabets,dalle2,gororoba,brasil,InternetBrasil,brasil,brdev,brasil,brasil,eu_nvr,futebol,brasil,coolguides,brasil,brasil,brasil,WomensSoccer,brasil,brasil,antitrampo
brasil,BrasildoB,brasil,futebol,brasil,farialimabets,brasil,gororoba,brasil,brasil,brasil,brasil,brasil,brasil,brasil,futebol,brasil,coolguides,gamesEcultura,AbsoluteUnits,WindowsBrasil,relacionamentos,brasil,brasil,antitrampo
brasil,brasil,brasil,brasil,brasil,farialimabets,coolguides,brasil,brasil,news,brasil,brasil,brasil,brasil,brasil,brasil,brasil,coolguides,brasil,farialimabets,concursospublicos,brasil,brasil,brasil,antitrampo
HUEstation,BrasildoB,brasil,brasil,harrypotter,farialimabets,brasil,brasil,desabafos,programming,brasil,conversas,brasil,brasil,brasil,futebol,BrasildoB,coolguides,brasil,direito,Gambiarra,brasil,brasil,brasil,antitrampo
brasil,brasil,brasil,futebol,ExplainTheJoke,desabafos,brasil,brasil,RelatosDoReddit,HistoryMemes,brasil,conversas,brasil,Invincible,brasil,futebol,brasil,brasil,brasil,saopaulo,metadrama,brasil,sexualidade,brasil,antitrampo
Gambiarra,brasil,brasil,brasil,harrypotter,brasil,MadeMeSmile,PokemonGoMystic,RelatosDoReddit,brasil,brasil,conversas,brasil,brasil,brasil,brasil,brasil,brasil,brasil,investimentos,antitrampo,brasil,brasil,brasil,todayilearned
Gambiarra,brasil,brasil,volleyball,harrypotter,brasil,MadeMeSmile,brasil,RelatosDoReddit,brasil,brasil,brasil,brasil,BeAmazed,brasil,brasil,brasil,brasil,brasil,brasil,brasil,botecodoreddit,sexualidade,EuSouOBabaca,todayilearned
brasil,brasil,brasil,volleyball,spaceporn,brasil,Futurology,brasil,RelatosDoReddit,worldnews,brasil,brasil,brasil,memes,botecodoreddit,brasil,brasil,brasil,brasil,brasil,metadrama,brasil,brasil,EuSouOBabaca,brasil
PhotoshopRequest,BrasildoB,brasil,antitrampo,harrypotter,farialimabets,brasil,oddlysatisfying,desabafos,nottheonion,brasil,brasil,brasil,Invincible,WhyWereTheyFilming,futebol,BrasildoB,brasil,brasil,investimentos,metadrama,brasil,brasil,EuSouOBabaca,comics
brasil,brasil,eu_nvr,gamesEcultura,harrypotter,farialimabets,brasil,cats,antitrampo,worldnews,brasil,brasil,brasil,StupidFood,brasil,brasil,brasil,brasil,filmeseseries,brasil,caso_isolado,brasil,brasil,EuSouOBabaca,comics
brasil,BrasildoB,eu_nvr,futebol,beatles,brasil,brasil,brasil,conversas,brasil,brasil,brasil,brasil,pics,brasil,brasil,brasil,brasil,filmeseseries,saopaulo,metadrama,brasil,brasil,brasil,gaming
OnePiece,brasil,brasil,volleyball,brasil,brasil,brasil,Gambiarra,conversas,brasil,brasil,brasil,gamesEcultura,AnarchyChess,filmeseseries,brasil,brasil,brasil,filmeseseries,brasil,concursospublicos,brasil,sexualidade,brasil,brasil
saopaulo,brasil,brasil,futebol,brasil,farialimabets,brasil,brasil,PergunteReddit,brasil,brasil,brasil,gamesEcultura,midjourney,filmeseseries,brasil,brasil,brasil,filmeseseries,farialimabets,brasil,ConselhosLegais,brasil,brasil,brasil
saopaulo,brasil,eu_nvr,volleyball,brasil,farialimabets,brasil,brasil,Maromba,botecodoreddit,brasil,brasil,gamesEcultura,brasil,brasil,brasil,brasil,brasil,filmeseseries,brasil,brasil,brasil,brasil,brasil,todayilearned
saopaulo,BrasildoB,brasil,futebol,oddlysatisfying,farialimabets,dalle2,brasil,conversas,brasil,brasil,brasil,gamesEcultura,ImTheMainCharacter,brasil,futebol,brasil,brasil,filmeseseries,brasil,caso_isolado,Twitter_Brasil,sexualidade,brasil,brasil
saopaulo,BrasildoB,brasil,futebol,brasil,farialimabets,dalle2,Gatos,antitrampo,brasil,brasil,brasil,brasil,comics,brasil,futebol,brasil,brasil,filmeseseries,AskPhotography,brasil,brasil,brasil,brasil,todayilearned
HUEstation,brasil,eu_nvr,brasil,brasil,farialimabets,dalle2,Gatos,PergunteReddit,brasil,brasil,brasil,carros,pics,birdswithjobs,futebol,brasil,direito,brasil,ConselhosLegais,concursospublicos,desabafos,sexualidade,brasil,todayilearned
magicTCG,brasil,3dspiracy,futebol,brasil,farialimabets,dalle2,brasil,brasil,brasil,brasil,brasil,gamesEcultura,BeAmazed,brasil,brasil,brasil,brasil,filmeseseries,direito,brasil,brasil,sexualidade,brasil,todayilearned
brasil,BrasildoB,brasil,antitrampo,brasil,farialimabets,dalle2,brasil,MeJulgue,brasil,brasil,brasil,brdev,ABoringDystopia,brasil,brasil,direito,brasil,filmeseseries,ConselhosLegais,caso_isolado,brasil,sexualidade,GarenMains,todayilearned
saopaulo,BrasildoB,brasil,brasil,brasil,farialimabets,dalle2,brasil,antitrampo,AMABRASIL,brasil,brasil,brdev,maybemaybemaybe,brasil,brasil,brasil,brasil,filmeseseries,brasil,caso_isolado,brasil,sexualidade,bwc,todayilearned
brasil,BrasildoB,brasil,brasil,brasil,farialimabets,dalle2,Gatos,AssassinsCreedValhala,botecodoreddit,brasil,brasil,brdev,nextfuckinglevel,brasil,brasil,brasil,brasil,filmeseseries,brasil,brasil,brasil,filmes,MassiveCock,therewasanattempt
brasil,brasil,brasil,futebol,brasil,farialimabets,dalle2,Gatos,gamesEcultura,botecodoreddit,brasil,brasil,brdev,brasil,brasil,brasil,brasil,brasil,filmeseseries,brasil,concursospublicos,brasil,sexualidade,Girlsratecocks,mildlyinfuriating
OnePiece,BrasildoB,brasil,brasil,beatles,farialimabets,dalle2,brasil,brasil,brasil,brasil,brasil,brdev,BeAmazed,brasil,brasil,brasil,brasil,filmeseseries,investimentos,brasil,desabafos,brasil,Real_girls_rate_cock,ContagiousLaughter
mtgfinance,BrasildoB,brasil,futebol,brasil,farialimabets,dalle2,brasil,brasil,brasil,brasil,brasil,carros,BeAmazed,brasil,futebol,brasil,enem,filmeseseries,investimentos,brasil,AbruptChaos,brasil,ratemycock,Eldenring
saopaulo,brasil,brasil,carros,brasil,brasil,brasil,brasil,brasil,TerrifyingAsFuck,brasil,brasil,carros,BeAmazed,brasil,brasil,enem,brasil,filmeseseries,SonyAlpha,brasil,botecodoreddit,brasil,straightturnedgay,Eldenring
saopaulo,BrasildoB,brasil,futebol,brasil,brasil,dalle2,brasil,brasil,science,brasil,brasil,djmax,BeAmazed,brasil,futebol,brasil,brasil,filmeseseries,brasil,brasil,botecodoreddit,brasil,straightturnedgay,Eldenring
brasil,brasil,brasil,futebol,brasil,brasil,dalle2,brasil,brasil,brasil,brasil,brasil,investimentos,brasil,brasil,futebol,brasil,brasil,brasil,brasil,brasil,botecodoreddit,brasil,brasil,factorio
brasil,brasil,botecodoreddit,brasil,beatles,brasil,brasil,brasil,brasil,brasil,brasil,desabafos,carros,BeAmazed,Cultivonha,futebol,brasil,desabafos,filmeseseries,investimentos,CongressoConsequencia,brasil,brasil,brasil,coralisland
saopaulo,BrasildoB,brasil,brasil,brasil,brasil,brasil,brasil,MapPorn,brasil,brasil,desabafos,investimentos,brasil,brasil,brasil,brasil,brasil,filmeseseries,investimentos,InesperadoCu,brasil,brasil,brasil,coralisland
highheelsNSFW,brasil,brasil,brasil,brasil,brasil,dalle2,brasil,conversas,botecodoreddit,brasil,brasil,investimentos,brasil,brasil,brasil,brasil,desabafos,filmeseseries,brasil,brasil,brasil,brasil,brasil,coralisland
saopaulo,brasil,EuSouOBabaca,antitrampo,brasil,desabafos,dalle2,brasil,masseffect,brasil,brasil,conversas,carros,brasil,botecodoreddit,futebol,BrasildoB,brasil,filmeseseries,Unexpected,caso_isolado,relacionamentos,brasil,brasil,coralisland
brasil,BrasildoB,BicicletasBrasil,brasil,beatles,farialimabets,dalle2,brasil,AssassinsCreedValhala,brasil,brasil,brdev,carros,brasil,Cultivonha,futebol,BrasildoB,brasil,filmeseseries,brasil,concursospublicos,AnimalsBeingDerps,brasil,brasil,TikTokCringe
brasil,brasil,2latinoforyou,brasil,beatles,farialimabets,dalle2,brasil,AssassinsCreedValhala,news,brasil,brdev,carros,brasil,brasil,futebol,brasil,brasil,brasil,brasil,caso_isolado,desabafos,brasil,brasil,factorio
saopaulo,BrasildoB,botecodoreddit,brasil,brasil,brasil,brasil,brasil,AssassinsCreedValhala,technology,brasil,brasil,carros,brasil,brasil,futebol,brasil,TheDeprogram,brasil,brasil,brasil,brasil,brasil,brasil,factorio
OnePiece,BrasildoB,brasil,brasil,thelastofus,brasil,brasil,brasil,PergunteReddit,brasil,brasil,conversas,carros,brasil,brasil,futebol,brasil,TheDeprogram,filmeseseries,brasil,brasil,aww,brasil,brasil,factorio
saopaulo,BrasildoB,brasil,brasil,harrypotter,desabafos,dalle2,brasil,PergunteReddit,brasil,brasil,brasil,brasil,BeAmazed,brasil,futebol,gamesEcultura,brasil,filmeseseries,brasil,caso_isolado,interestingasfuck,brasil,brasil,GTA6
brasil,brasil,brasil,futebol,harrypotter,farialimabets,dalle2,brasil,BrasildoB,brasil,brasil,conversas,carros,BeAmazed,brasil,futebol,brasil,brasil,filmeseseries,brasil,brasil,desabafos,brasil,maceio,A24
BrasildoB,brasil,brasil,brasil,harrypotter,brasil,brasil,brasil,AssassinsCreedValhala,brasil,brasil,conversas,carros,brasil,brasil,brasil,brasil,brasil,filmeseseries,brasil,transbr,desabafos,brasil,maceio,A24
brasil,BrasildoB,brasil,brasil,harrypotter,farialimabets,dalle2,brasil,RelatosDoReddit,brasil,brasil,brasil,brdev,brasil,brasil,futebol,brasil,brasil,filmeseseries,brasil,concursospublicos,brasil,marvelmemes,brasil,brasil
brasil,BrasildoB,futebol,antitrampo,brasil,farialimabets,dataisbeautiful,brasil,conversas,brasil,brasil,brasil,brasil,BeAmazed,brasil,brasil,BrasildoB,brasil,brasil,brasil,caso_isolado,brasil,brasil,maceio,brasil
brasil,brasil,brasil,brasil,brasil,brasil,dataisbeautiful,brasil,PergunteReddit,CombatFootage,brasil,brasil,carros,brasil,brasil,futebol,brasil,brasil,filmeseseries,SonyAlpha,brasil,ConselhosLegais,brasil,Recife,AskPython
saopaulo,brasil,brasil,brasil,brasil,brasil,dalle2,brasil,PergunteReddit,mildlyinteresting,brasil,brasil,brasil,nextfuckinglevel,brasil,brasil,brasil,brasil,filmeseseries,brasil,arco_iris,interestingasfuck,brasil,maceio,brasil
saopaulo,brasil,brasil,brasil,brasil,farialimabets,brasil,brasil,AssassinsCreedValhala,science,brasil,brasil,brasil,brasil,brasil,futebol,brasil,TheDeprogram,filmeseseries,SonyAlpha,O_PACOTE,brasil,brasil,brasil,computadores
brasil,brasil,InesperadoCu,futebol,brasil,farialimabets,brasil,brasil,brasil,brasil,brasil,brasil,riodejaneiro,BeAmazed,brasil,futebol,brasil,PropagandaPosters,filmeseseries,investimentos,antitrampo,interestingasfuck,arco_iris,brasil,OpenAI
saopaulo,BrasildoB,brasil,brasil,brasil,farialimabets,dalle2,brasil,brasil,WTF,brasil,brasil,brasil,brasil,brasil,brasil,brasil,brasil,filmeseseries,brasil,brasil,brasil,brasil,brasil,brasil
brasil,brasil,brasil,brasil,brasil,brasil,dalle2,brasil,brasil,gororoba,brasil,brasil,brasil,brasil,brasil,futebol,brasil,brasil,filmeseseries,SonyAlpha,concursospublicos,Damnthatsinteresting,brasil,brasil,MadeMeSmile
saopaulo,brasil,brasil,futebol,brasil,brasil,brasil,brasil,conversas,science,brasil,brasil,brasil,brasil,brasil,futebol,brasil,ShitLiberalsSay,filmeseseries,brasil,caso_isolado,brasil,brasil,brasil,oddlyterrifying
saopaulo,BrasildoB,brasil,futebol,brasil,brasil,Futurology,brasil,RelatosDoReddit,2latinoforyou,brasil,brasil,brasil,brasil,brasil,brasil,brasil,TheDeprogram,botecodoreddit,brasil,brasil,brasil,brasil,brasil,Wellthatsucks
HUEstation,brasil,brasil,brasil,brasil,brasil,Futurology,brasil,brasil,DiWHY,brasil,brasil,brasil,brasil,brasil,futebol,brasil,brasil,filmeseseries,brasil,O_PACOTE,brasil,brasil,brasil,Wellthatsucks
OnePiece,brasil,brasil,futebol,spaceporn,brasil,Futurology,Gambiarra,MapPorn,brasil,brasil,brasil,brasil,nextfuckinglevel,brasil,futebol,brasil,VaushV,filmeseseries,brasil,concursospublicos,WTF,brasil,brasil,shittymoviedetails
OnePiece,brasil,brasil,futebol,Damnthatsinteresting,brasil,Futurology,Gambiarra,PergunteReddit,brasil,brasil,brasil,brasil,brasil,brasil,futebol,brasil,NoStupidQuestions,filmeseseries,brasil,SemContexto,brasil,brasil,brasil,brasil
saopaulo,brasil,brasil,futebol,brasil,brasil,Futurology,Gambiarra,RelatosDoReddit,worldnews,brasil,brasil,InternetBrasil,brasil,brasil,futebol,brasil,direito,filmeseseries,brasil,AgiotasClub,brasil,brasil,brasil,brasil
saopaulo,brasil,brasil,futebol,brasil,brasil,brasil,brasil,brasil,portugueses,brasil,brasil,brdev,BeAmazed,brasil,brasil,brasil,MapPorn,filmeseseries,investimentos,botecodoreddit,brasil,brasil,brasil,brasil
OnePiece,BrasildoB,brasil,brasil,brasil,brasil,starcraft,brasil,conversas,portugueses,brasil,desabafos,carros,BeAmazed,brasil,futebol,brasil,brasil,filmeseseries,investimentos,ShitpostBR,brasil,brasil,brasil,brasil
saopaulo,brasil,brasil,brasil,brasil,farialimabets,brasil,brasil,antitrampo,worldnews,brasil,brasil,brasil,BeAmazed,brasil,futebol,brasil,brasil,brasil,investimentos,shitpostbrasil,brasil,brasil,brasil,brasil
saopaulo,brasil,brasil,ApoioVet,brasil,brasil,starcraft,brasil,brasil,brasil,brasil,brasil,brasil,BeAmazed,brasil,futebol,brasil,brasil,brasil,investimentos,brasil,brasil,brasil,brasil,brasil
saopaulo,brasil,brasil,brasil,brasil,farialimabets,starcraft,brasil,gamesEcultura,brasil,brasil,brasil,carros,BeAmazed,brasil,brasil,brasil,brasil,filmeseseries,investimentos,InesperadoCu,brasil,brasil,firepro,brasil
HUEstation,BrasildoB,brasil,futebol,harrypotter,brasil,brasil,brasil,brasil,KidsAreFuckingStupid,brasil,brasil,brasil,HunterXHunter,brasil,futebol,BrasildoB,brasil,filmeseseries,investimentos,InesperadoCu,brasil,brasil,brasil,brasil
brasil,BrasildoB,brasil,futebol,brasil,brasil,starcraft,brasil,antitrampo,collapse,brasil,brasil,brasil,BeAmazed,brasil,brasil,brasil,brasil,filmeseseries,investimentos,caso_isolado,brasil,brasil,brasil,brasil
investimentos,brasil,brasil,brasil,harrypotter,brasil,brasil,brasil,brasil,tifu,futebol,brasil,brasil,brasil,brasil,brasil,brasil,brasil,filmeseseries,investimentos,brasil,brasil,brasil,brasil,ESTILOZAP
brasil,brasil,brasil,brasil,harrypotter,farialimabets,brasil,brasil,brasil,WorkReform,brasil,brasil,gamesEcultura,brasil,brasil,brasil,brasil,brasil,filmeseseries,brasil,transbr,brasil,sexualidade,Minecraft,brasil
saopaulo,brasil,brasil,brasil,spaceporn,farialimabets,brasil,brasil,filmeseseries,technews,brasil,brasil,brasil,BeAmazed,Filosofia,brasil,brasil,brasil,brasil,brasil,arco_iris,brasil,brasil,Minecraft,brasil
saopaulo,BrasildoB,brasil,brasil,brasil,brasil,brasil,brasil,desabafos,brasil,futebol,brasil,brasil,brasil,Filosofia,brasil,brasil,brasil,filmeseseries,investimentos,brasil,brasil,brasil,computadores,brasil
saopaulo,brasil,brasil,brasil,brasil,farialimabets,starcraft,brasil,brasil,brasil,brasil,brasil,brasil,Whatcouldgowrong,Filosofia,brasil,brasil,brasil,filmeseseries,brasil,caso_isolado,brasil,brasil,computadores,brasil
OnePiece,brasil,brasil,animebrasil,harrypotter,brasil,Stormgate,brasil,conversas,farialimabets,brasil,brasil,carros,brasil,arco_iris,brasil,brasil,brasil,filmeseseries,brasil,brasil,brasil,brasil,brasil,brasil
brasil,brasil,antitrampo,jogatina,Showerthoughts,farialimabets,brasil,brasil,brasil,worldnews,brasil,brasil,carros,BeAmazed,Cultivonha,brasil,brasil,brasil,filmeseseries,Damnthatsinteresting,CongressoConsequencia,interestingasfuck,brasil,brasil,brasil
MeuNegocio,brasil,eu_nvr,brasil,brasil,brasil,brasil,brasil,conversas,brasil,brasil,brasil,brasil,BeAmazed,brasil,brasil,brasil,brasil,filmeseseries,brasil,shitduolingosays,brasil,brasil,brasil,brasil
brasil,BrasildoB,brasil,brasil,brasil,brasil,brasil,brasil,gamesEcultura,botecodoreddit,brasil,antitrampo,brasil,nextfuckinglevel,brasil,brasil,brasil,brasil,filmeseseries,brasil,ModsBr,brasil,brasil,brasil,brasil
MeuNegocio,brasil,eu_nvr,FlorkofCowsOfficial,brasil,antitrampo,brasil,brasil,brasil,botecodoreddit,brasil,brasil,brasil,nextfuckinglevel,sexualidade,brasil,brasil,brasil,filmeseseries,brasil,brasil,brasil,brasil,brasil,computadores
saopaulo,BrasildoB,brasil,brasil,brasil,brasil,brasil,brasil,BrasildoB,brasil,brasil,brasil,brasil,nextfuckinglevel,filmeseseries,futebol,brasil,brasil,filmeseseries,brasil,botecodoreddit,brasil,brasil,brasil,computadores
saopaulo,brasil,brasil,AnimesBrasil,harrypotter,ateismo_br,brasil,brasil,BrasildoB,brasil,brasil,farialimabets,carros,Whatcouldgowrong,brasil,brasil,BrasildoB,brasil,filmeseseries,investimentos,Gambiarra,brasil,brasil,brasil,computadores
brasil,brasil,brasil,antitrampo,oddlysatisfying,brasil,brasil,brasil,BrasildoB,botecodoreddit,brasil,brasil,gamesEcultura,nextfuckinglevel,brasil,futebol,brasil,brasil,filmeseseries,brasil,Gambiarra,brasil,brasil,firepro,OpenAI
saopaulo,brasil,brasil,futebol,DebateCommunism,brasil,brasil,brasil,brasil,botecodoreddit,brasil,brasil,carros,BeAmazed,MaladaptiveDreaming,futebol,brasil,brasil,VelhaGuarda,brasil,Gambiarra,brasil,brasil,brasil,blackmagicfuckery
saopaulo,BrasildoB,brasil,futebol,DebateCommunism,ateismo_br,brasil,brasil,RelatosDoReddit,botecodoreddit,brasil,farialimabets,brdev,BeAmazed,MaladaptiveDreaming,futebol,brasil,brasil,VelhaGuarda,brasil,caso_isolado,brasil,brasil,brasil,computadores
brasil,BrasildoB,brasil,volleyball,DebateCommunism,ateismo_br,brasil,brasil,brasil,botecodoreddit,brasil,brasil,carros,HunterXHunter,filmeseseries,brasil,brasil,brasil,filmeseseries,brasil,brasil,brasil,brasil,brasil,computadores
mtgfinance,brasil,brasil,FlorkofCowsOfficial,MadeMeSmile,ateismo_br,brasil,brasil,gamesEcultura,botecodoreddit,futebol,brasil,androiddev,brasil,filmeseseries,brasil,brasil,brasil,brasil,brasil,brasil,brasil,brasil,brasil,brasil
brasil,brasil,brasil,volleyball,brasil,ateismo_br,brasil,brasil,japan_insoul,botecodoreddit,programacao,brasil,brasil,HunterXHunter,futebol,futebol,brasil,brasil,brasil,brasil,caso_isolado,brasil,arco_iris,brasil,computadores
OnePiece,brasil,eu_nvr,futebol,brasil,brasil,brasil,brasil,brasil,sexualidade,brasil,brasil,carros,ImTheMainCharacter,RelatosDoReddit,futebol,brasil,brasil,brasil,SonyAlpha,brasil,brasil,brasil,brasil,computadores
saopaulo,brasil,eu_nvr,brasil,brasil,ateismo_br,brasil,brasil,RelatosDoReddit,botecodoreddit,brasil,brasil,carros,Whatcouldgowrong,brasil,brasil,brasil,brasil,brasil,brasil,caso_isolado,brasil,brasil,brasil,computadores
magicTCG,brasil,brasil,brasil,brasil,brasil,brasil,Gambiarra,RelatosDoReddit,brasil,brasil,brasil,brasil,brasil,brasil,futebol,brasil,brasil,brasil,brasil,brasil,brasil,brasil,brasil,computadores
brasil,BrasildoB,eu_nvr,brasil,brasil,ateismo_br,brasil,gororoba,RelatosDoReddit,brasil,brasil,brasil,brdev,brasil,sexualidade,futebol,brasil,brasil,filmeseseries,brasil,brasil,brasil,brasil,brasil,computadores
brasil,brasil,brasil,brasil,harrypotter,desabafos,starcraft,Gatos,farialimabets,brasil,brasil,brasil,brdev,brasil,brasil,brasil,BrasildoB,brasil,brasil,brasil,caso_isolado,brasil,brasil,brasil,farialimabets
brasil,BrasildoB,brasil,brasil,brasil,desabafos,brasil,Gatos,antitrampo,brasil,brasil,brasil,brdev,brasil,brasil,futebol,BrasildoB,brasil,brasil,brasil,caso_isolado,brasil,brasil,brasil,AskPython
saopaulo,BrasildoB,eu_nvr,brasil,brasil,desabafos,brasil,brasil,RelatosDoReddit,brasil,futebol,brasil,brdev,brasil,brasil,futebol,BrasildoB,brasil,brasil,brasil,brasil,brasil,brasil,brasil,funny
brasil,BrasildoB,eu_nvr,brasil,brasil,brasil,brasil,brasil,filmes,brasil,programacao,brasil,brdev,brasil,brasil,futebol,brasil,brasil,botecodoreddit,brasil,brasil,brasil,brasil,brasil,computadores
brasil,brasil,brasil,brasil,brasil,brasil,brasil,brasil,filmes,brasil,brdev,brasil,brdev,brasil,brasil,brasil,brasil,brasil,brasil,brasil,CongressoConsequencia,brasil,brasil,brasil,computadores
brasil,brasil,brasil,estudosBR,brasil,brasil,brasil,brasil,filmes,brasil,brasil,brasil,brdev,brasil,brasil,futebol,BrasildoB,brasil,brasil,brasil,caso_isolado,brasil,brasil,brasil,AskReddit
brasil,BrasildoB,brasil,futebol,brasil,brasil,brasil,brasil,RelatosDoReddit,sexualidade,futebol,brasil,brdev,MadeMeSmile,brasil,brasil,brasil,brasil,Gatos,brasil,brasil,brasil,arco_iris,brasil,AskReddit
brasil,BrasildoB,brasil,futebol,brasil,brasil,BrasildoB,brasil,RelatosDoReddit,sexualidade,conversas,brasil,brasil,Whatcouldgowrong,brasil,brasil,brasil,brasil,brasil,brasil,InternetBrasil,brasil,brasil,brasil,MemeVideos
brasil,BrasildoB,brasil,futebol,brasil,desabafos,BrasildoB,gororoba,brasil,brasil,Portuguese,brasil,brasil,oddlysatisfying,brasil,futebol,brasil,brasil,brasil,brasil,Gambiarra,brasil,brasil,brasil,AskReddit
saopaulo,brasil,eu_nvr,brasil,brasil,brasil,brasil,brasil,brasil,brasil,futebol,brasil,brasil,brasil,Twitter_Brasil,brasil,brasil,brasil,Gatos,direito,Gambiarra,brasil,brasil,brasil,AskReddit
PhotoshopRequest,brasil,eu_nvr,brasil,brasil,antitrampo,brasil,gororoba,antitrampo,brasil,futebol,brasil,brasil,YuYuHakusho,Cultivonha,futebol,brasil,brasil,Gatos,direito,caso_isolado,brasil,brasil,brasil,Damnthatsinteresting
brasil,brasil,eu_nvr,brasil,brasil,antitrampo,brasil,gororoba,RelatosDoReddit,sexualidade,futebol,brasil,brasil,VeganFoodPorn,brasil,futebol,BrasildoB,redscarepod,Gatos,brasil,brasil,brasil,asklatinamerica,brasil,brasil
saopaulo,brasil,eu_nvr,volleyball,brasil,antitrampo,brasil,Gatos,antitrampo,30mais,futebol,brasil,riodejaneiro,brasil,brasil,brasil,BrasildoB,redscarepod,brasil,brasil,caso_isolado,brasil,sexualidade,brasil,brasil
saopaulo,brasil,eu_nvr,brasil,AskReddit,antitrampo,brasil,brasil,brasil,botecodoreddit,futebol,brasil,riodejaneiro,brasil,brasil,brasil,brasil,redscarepod,brasil,brasil,CongressoConsequencia,brasil,CityPorn,brasil,brasil
saopaulo,BrasildoB,eu_nvr,brasil,brasil,antitrampo,brasil,brasil,RelatosDoReddit,botecodoreddit,futebol,brasil,brasil,Gatos,brasil,futebol,brasil,redscarepod,gamesEcultura,brasil,brasil,brasil,sexualidade,brasil,farialimabets
brasil,BrasildoB,eu_nvr,brasil,harrypotter,farialimabets,brasil,brasil,brasil,brasil,futebol,brasil,brasil,HunterXHunter,brasil,brasil,brasil,redscarepod,botecodoreddit,brasil,brasil,brasil,brasil,brasil,farialimabets
saopaulo,BrasildoB,eu_nvr,brasil,brasil,brasil,brasil,brasil,brasil,brasil,futebol,brasil,riodejaneiro,HunterXHunter,brasil,brasil,brasil,brasil,brasil,brasil,brasil,brasil,brasil,brasil,brasil
saopaulo,brasil,eu_nvr,botecodoreddit,brasil,desabafos,brasil,brasil,gamesEcultura,brasil,futebol,brasil,brasil,brasil,eu_nvr,futebol,brasil,brdev,brasil,brasil,caso_isolado,brasil,asklatinamerica,brasil,videogamedunkey
OnePiece,BrasildoB,eu_nvr,brasil,brasil,desabafos,brasil,brasil,brasil,brasil,futebol,brasil,riodejaneiro,brasil,eu_nvr,brasil,brasil,brasil,brasil,brasil,brasil,brasil,arco_iris,brasil,wallstreetbets
brasil,BrasildoB,naoesensacionalista,brasil,brasil,desabafos,brasil,brasil,masseffect,brasil,futebol,brasil,riodejaneiro,brasil,brasil,futebol,brasil,brasil,brasil,OldSchoolCool,Gambiarra,brasil,brasil,brasil,brasil
brasil,brasil,brasil,brasil,brasil,farialimabets,brasil,brasil,jovemnerd,brasil,futebol,brasil,riodejaneiro,YuYuHakusho,brasil,brasil,BrasildoB,brasil,filmeseseries,brasil,brasil,brasil,brasil,brasil,brasil
brasil,BrasildoB,computadores,brasil,brasil,farialimabets,brasil,brasil,brasil,brasil,gororoba,brasil,brasil,YuYuHakusho,brasil,brasil,brasil,brasil,brasil,brasil,caso_isolado,brasil,brasil,brasil,self
brasil,brasil,computadores,brasil,brasil,desabafos,brasil,brasil,conversas,brasil,futebol,brasil,brasil,comics,brasil,futebol,BrasildoB,TheDeprogram,brasil,brasil,brasil,brasil,marvelmemes,brasil,brasil
HUEstation,brasil,computadores,brasil,brasil,brasil,brasil,brasil,jovemnerd,brasil,futebol,brasil,brasil,filmeseseries,brasil,futebol,brasil,BrasildoB,brasil,brasil,brasil,brasil,marvelmemes,brasil,brasil
OnePiece,brasil,computadores,brasil,brasil,farialimabets,brasil,Gatos,brasil,brasil,brasil,brasil,brasil,YuYuHakusho,brasil,brasil,brasil,BrasildoB,brasil,brasil,caso_isolado,brasil,botecodoreddit,brasil,brasil
saopaulo,brasil,brasil,brasil,brasil,brasil,brasil,Gatos,brasil,brasil,brasil,brasil,brasil,comics,brasil,futebol,brasil,BrasildoB,brasil,brasil,brasil,brasil,arco_iris,brasil,brasil
saopaulo,BrasildoB,brasil,brasil,Damnthatsinteresting,brasil,brasil,brasil,conversas,brasil,brasil,brasil,brasil,brasil,brasil,brasil,brasil,TheDeprogram,brasil,brasil,brasil,brasil,marvelmemes,brasil,brasil
saopaulo,brasil,computadores,brasil,brasil,brasil,brasil,brasil,RelatosDoReddit,brasil,brasil,brasil,investimentos,brasil,brasil,futebol,brasil,brasil,brasil,brasil,caso_isolado,brasil,botecodoreddit,brasil,brasil
saopaulo,brasil,computadores,brasil,brasil,farialimabets,brasil,brasil,motoca,brasil,brasil,brasil,brasil,brasil,brasil,futebol,brasil,brasil,brasil,brasil,brasil,brasil,arco_iris,brasil,antitrampo
BeAmazed,brasil,brasil,brasil,harrypotter,ateismo_br,brasil,Gatos,PergunteReddit,brasil,brasil,brasil,brasil,brasil,brasil,brasil,brasil,redscarepod,brasil,brasil,Gambiarra,brasil,arco_iris,brasil,brasil
saopaulo,brasil,computadores,antitrampo,MadeMeSmile,ateismo_br,brasil,Gatos,PergunteReddit,brasil,brasil,brasil,brasil,YuYuHakusho,brasil,futebol,BrasildoB,brasil,brasil,brasil,caso_isolado,brasil,Brazil,brasil,gamesEcultura
mildlyinteresting,brasil,brasil,brasil,brasil,brasil,brasil,brasil,RelatosDoReddit,brasil,brasil,brasil,brasil,brasil,brasil,brasil,brasil,brasil,brasil,brasil,brasil,brasil,brasil,brasil,brasil
Gambiarra,BrasildoB,brasil,brasil,harrypotter,farialimabets,brasil,brasil,brasil,brasil,brasil,brasil,brasil,brasil,brasil,futebol,brasil,brasil,brasil,investimentos,caso_isolado,brasil,arco_iris,brasil,OpenAI
brasil,brasil,pirataria,brasil,brasil,desabafos,brasil,brasil,gamesEcultura,brasil,brasil,brasil,brasil,brasil,brasil,brasil,brasil,stupidpol,brasil,brasil,caso_isolado,brasil,brasil,brasil,OpenAI
Gambiarra,brasil,pirataria,jogatina,brasil,brasil,BeAmazed,brasil,gamesEcultura,brasil,brasil,brasil,brasil,brasil,brasil,futebol,brasil,brasil,brasil,brasil,brasil,brasil,porramauricio,brasil,BeAmazed
brasil,brasil,pirataria,futebol,brasil,brasil,brasil,brasil,brasil,worldnews,brasil,brdev,brdev,brasil,brasil,brasil,brasil,brasil,brasil,news,caso_isolado,brasil,porramauricio,brasil,OpenAI
brasil,BrasildoB,pirataria,brasil,brasil,brasil,brasil,brasil,brasil,brasil,brasil,brasil,brasil,Gatos,arco_iris,futebol,brasil,TheDeprogram,brasil,brasil,InesperadoCu,brasil,andreyoung,brasil,self
MeuNegocio,brasil,pirataria,futebol,brasil,brasil,brasil,brasil,brasil,brasil,brasil,brdev,brasil,comics,brasil,futebol,brasil,brasil,botecodoreddit,brasil,eu_nvr,brasil,WTF,brasil,brasil
brasil,brasil,pirataria,brasil,brasil,brasil,brasil,brasil,brasil,worldnews,brasil,brasil,brasil,comics,brasil,futebol,brasil,brasil,brasil,brasil,InternetBrasil,brasil,MapPorn,brasil,self
OnePiece,brasil,pirataria,antitrampo,Showerthoughts,brasil,brasil,brasil,brasil,brasil,brasil,brasil,brasil,brasil,brasil,brasil,brasil,brasil,brasil,brasil,brasil,brasil,EuSouOBabaca,brasil,videogamedunkey
brasil,brasil,brasil,brasil,brasil,brasil,brasil,brasil,brasil,brasil,brasil,brasil,brasil,brasil,brasil,futebol,brasil,TheDeprogram,brasil,brasil,brasil,brasil,marvelmemes,brasil,videogamedunkey
HolUp,brasil,eu_nvr,brasil,brasil,brasil,brasil,brasil,RelatosDoReddit,brasil,brasil,brasil,brasil,brasil,brasil,futebol,brasil,VaushV,brasil,investimentos,caso_isolado,brasil,sexualidade,brasil,brasil
brasil,brasil,eu_nvr,brasil,harrypotter,brasil,brasil,brasil,programacao,HistoryMemes,brasil,brasil,brasil,nextfuckinglevel,brasil,brasil,BrasildoB,brasil,brasil,brasil,CongressoConsequencia,brasil,filmes,brasil,brasil
saopaulo,brasil,brasil,brasil,brasil,brasil,brasil,brasil,gororoba,UFOs,brasil,brasil,brasil,comics,brasil,brasil,brasil,brasil,brasil,brasil,brasil,brasil,arco_iris,brasil,brasil
magicTCG,brasil,brasil,brasil,brasil,brasil,brasil,brasil,investimentos,worldnews,brasil,brasil,brasil,brasil,brasil,brasil,brasil,brasil,filmeseseries,brasil,Gambiarra,brasil,arco_iris,brasil,brasil
feetpics,brasil,brasil,brasil,brasil,brasil,brasil,brasil,brasil,brasil,brasil,brasil,brasil,brasil,brasil,futebol,brasil,brasil,brasil,brasil,Gambiarra,brasil,arco_iris,brasil,brasil
brasil,brasil,brasil,brasil,thelastofus,brasil,brasil,brasil,investimentos,brasil,brasil,brasil,brasil,brasil,brasil,brasil,BrasildoB,brasil,brasil,brasil,caso_isolado,brasil,sexualidade,brasil,scambait
magicTCG,BrasildoB,brasil,brasil,Unexpected,brasil,brasil,brasil,BrasildoB,HistoryMemes,brasil,conversasserias,brasil,BeAmazed,brasil,brasil,BrasildoB,brasil,ThatsInsane,farialimabets,brasil,brasil,sexualidade,brasil,brasil
magicTCG,brasil,brasil,brasil,brasil,brasil,brasil,brasil,brasil,HistoryMemes,brasil,conversas,brasil,BeAmazed,brasil,brasil,brasil,TheDeprogram,filmeseseries,brasil,Gambiarra,brasil,RelatosDoReddit,brasil,howyoudoin
brasil,brasil,brasil,brasil,brasil,farialimabets,brasil,brasil,PergunteReddit,ProgrammerHumor,brasil,30mais,brdev,HunterXHunter,brasil,brasil,brasil,TheDeprogram,PergunteReddit,investimentos,caso_isolado,brasil,oddlyterrifying,brasil,antiwork
magicTCG,brasil,pirataria,brasil,brasil,raptrapbrasil,brasil,brasil,brasil,HistoryMemes,brasil,brasil,brdev,HunterXHunter,brasil,futebol,Twitter_Brasil,TheDeprogram,brasil,brasil,brasil,brasil,filmeseseries,brasil,ContagiousLaughter
highheelsNSFW,brasil,brasil,brasil,brasil,brasil,starcraft,gororoba,brasil,HistoryMemes,brasil,brasil,brasil,comics,Cruzeiro,brasil,brasil,TheDeprogram,brasil,brasil,caso_isolado,brasil,arco_iris,brasil,brasil
brasil,brasil,brasil,brasil,brasil,antitrampo,brasil,brasil,RelatosDoReddit,brasil,brasil,conversasserias,brasil,YuYuHakusho,japan_insoul,brasil,u_notimano,VaushV,PergunteReddit,brasil,caso_isolado,brasil,asklatinamerica,brasil,brasil
brasil,brasil,brasil,brasil,brasil,farialimabets,starcraft,brasil,conversas,brasil,brasil,brasil,brasil,YuYuHakusho,brasil,futebol,brasil,brasil,NovoNoReddit,farialimabets,brasil,brasil,brasil,brasil,brasil
brasil,brasil,pirataria,brasil,brasil,brasil,brasil,brasil,filmes,brasil,brasil,brasil,brasil,YuYuHakusho,filmes,futebol,brasil,brasil,brasil,farialimabets,sucata,brasil,eu_nvr,brasil,brasil
HUEstation,BrasildoB,brasil,brasil,brasil,brasil,brasil,brasil,PergunteReddit,brasil,brasil,AnimesBrasil,brasil,brasil,brasil,futebol,brasil,brasil,brasil,brasil,brasil,brasil,NoStupidQuestions,brasil,brasil
saopaulo,brasil,brasil,brasil,brasil,farialimabets,brasil,brasil,brasil,brasil,brasil,brasil,brasil,YuYuHakusho,eu_nvr,brasil,BrasildoB,brasil,ModsBr,brasil,caso_isolado,brasil,sexualidade,brasil,Damnthatsinteresting
saopaulo,brasil,brasil,brasil,brasil,brasil,wholesomememes,brasil,jovemnerd,brasil,brasil,brasil,brasil,YuYuHakusho,eu_nvr,futebol,brasil,brasil,brasil,brasil,InesperadoCu,brasil,sexualidade,brasil,Damnthatsinteresting
saopaulo,brasil,brasil,brasil,brasil,desabafos,brasil,brasil,farialimabets,brasil,brasil,brasil,brasil,YuYuHakusho,ateismo_br,brasil,brasil,AmericaBad,brasil,investimentos,InesperadoCu,brasil,pisca,brasil,Damnthatsinteresting
brasil,brasil,brasil,brasil,brasil,desabafos,brasil,brasil,masseffect,brasil,brasil,brasil,brdev,YuYuHakusho,brasil,brasil,brasil,brasil,brasil,brasil,brasil,brasil,asklatinamerica,brasil,Damnthatsinteresting
brasil,brasil,brasil,brasil,brasil,farialimabets,brasil,gororoba,brasil,botecodoreddit,brasil,brasil,brdev,HunterXHunter,brasil,brasil,gamesEcultura,brasil,brasil,brasil,brasil,brasil,marvelmemes,brasil,Damnthatsinteresting
magicTCG,BrasildoB,brasil,brasil,brasil,farialimabets,brasil,brasil,brasil,me_irl,brasil,brasil,brasil,HunterXHunter,brasil,brasil,brasil,TheDeprogram,brasil,brasil,brasil,botecodoreddit,RelatosDoReddit,brasil,Damnthatsinteresting
HolUp,brasil,brasil,brasil,brasil,desabafos,brasil,gororoba,Quadrinhos,botecodoreddit,brasil,brasil,brasil,HunterXHunter,ShitpostBR,brasil,brasil,brasil,brasil,investimentos,Gambiarra,brasil,EuSouOBabaca,brasil,Damnthatsinteresting
brasil,brasil,brasil,antitrampo,brasil,farialimabets,starcraft,gororoba,MeJulgue,botecodoreddit,brasil,chavesbr,brdev,HunterXHunter,brasil,brasil,brasil,direito,brasil,brasil,brasil,brasil,RelatosDoReddit,brasil,Damnthatsinteresting
saopaulo,BrasildoB,brasil,brasil,brasil,desabafos,brasil,brasil,antitrampo,tinnitusresearch,brasil,brasil,brasil,HunterXHunter,brasil,brasil,brasil,brasil,brasil,brasil,CongressoConsequencia,brasil,RelatosDoReddit,brasil,SipsTea
OnePiece,BrasildoB,brasil,brasil,brasil,brasil,brasil,Gambiarra,brasil,brasil,brasil,brasil,brasil,brasil,brasil,futebol,brasil,brasil,brasil,brasil,brasil,brasil,sexualidade,brasil,Damnthatsinteresting
magicTCG,brasil,brasil,futebol,brasil,brasil,brasil,brasil,brasil,brasil,brasil,brasilia,gamesEcultura,Whatcouldgowrong,eu_nvr,futebol,brasil,brasil,brasil,investimentos,brasil,brasil,conversas,brasil,Damnthatsinteresting
mtgfinance,brasil,brasil,brasil,brasil,farialimabets,brasil,brasil,brasil,brasil,brasil,brasilia,brasil,Whatcouldgowrong,eu_nvr,futebol,brasil,brasil,VelhaGuarda,investimentos,caso_isolado,brasil,conversas,brasil,brasil
brasil,brasil,brasil,brasil,brasil,golpe,brasil,Gambiarra,RelatosDoReddit,brasil,brasil,brasilia,brasil,Whatcouldgowrong,brasil,futebol,BrasildoB,brasil,brasil,brasil,shitpostbrasil,brasil,SipsTea,brasil,blackmagicfuckery
saopaulo,brasil,brasil,futebol,harrypotter,farialimabets,brasil,brasil,antitrampo,brasil,brasil,brasil,investimentos,Damnthatsinteresting,brasil,futebol,BrasildoB,brasil,brasil,farialimabets,ShitpostBR,brasil,sexualidade,brasil,brasil
magicTCG,brasil,brasil,brasil,brasil,brasil,brasil,brasil,antitrampo,brasil,brasil,brasil,brasilivre,Damnthatsinteresting,ateismo_br,brasil,brasil,brasil,gamesEcultura,brasil,AgiotasClub,brasil,arco_iris,brasil,brasil
brasil,BrasildoB,brasil,botecodoreddit,brasil,brasil,brasil,brasil,RelatosDoReddit,brasil,brasil,brasil,brasil,Damnthatsinteresting,TDAH_Brasil,futebol,PergunteReddit,brasil,brasil,brasil,Gambiarra,brasil,brasil,brasil,brasil
brasil,brasil,brasil,Engenharia,brasil,brasil,brasil,brasil,RelatosDoReddit,brasil,brasil,brasil,brasil,Damnthatsinteresting,ateismo_br,futebol,brasil,brasil,brasil,saopaulo,Gambiarra,brasil,brasil,brasil,brasil
mtgfinance,brasil,brasil,antitrampo,brasil,brasil,brasil,gororoba,antitrampo,brasil,brasil,brasil,brasil,Damnthatsinteresting,botecodoreddit,futebol,PergunteReddit,brasil,brasil,Damnthatsinteresting,InesperadoCu,brasil,brasil,brasil,brasil
magicTCG,brasil,brasil,brasil,brasil,farialimabets,brasil,brasil,RelatosDoReddit,brasil,brasil,chavesbr,brasil,Damnthatsinteresting,TDAH_Brasil,futebol,brasil,redscarepod,brasil,saopaulo,Gambiarra,brasil,brasil,brasil,brasil
brasil,brasil,brasil,brasil,brasil,brasil,brasil,brasil,brasil,brasil,brasil,brasil,brasil,Damnthatsinteresting,Cultivonha,futebol,brasil,stupidpol,brasil,brasil,caso_isolado,brasil,sexualidade,brasil,facepalm
brasil,brasil,brasil,brasil,brasil,farialimabets,brasil,brasil,jovemnerd,Blasphemous,brasil,brasil,brasil,Damnthatsinteresting,brasil,futebol,brasil,brasil,brasil,brasil,caso_isolado,brasil,sexualidade,brasil,brasil
OnePiece,BrasildoB,brasil,gamesEcultura,brasil,brasil,brasil,Gambiarra,RelatosDoReddit,Blasphemous,brasil,brasil,brasil,Damnthatsinteresting,brasil,futebol,brasil,redscarepod,brasil,brasil,brasil,brasil,sexualidade,brasil,brasil
saopaulo,brasil,brasil,jovemnerd,brasil,farialimabets,brasil,Gambiarra,brasil,Blasphemous,brasil,brasil,brasil,Whatcouldgowrong,brasil,brasil,brasil,europe,brasil,brasil,brasil,brasil,arco_iris,brasil,brasil
brasil,brasil,brasil,brasil,brasil,farialimabets,brasil,gororoba,brasil,brasil,brasil,brasil,brasil,Damnthatsinteresting,brasil,brasil,brasil,brasil,brasil,farialimabets,InesperadoCu,brasil,midjourney,brasil,brasil
brasil,BrasildoB,brasil,brasil,brasil,brasil,brasil,brasil,brasil,brasil,brasil,brasil,brasil,Damnthatsinteresting,brasil,futebol,BrasildoB,brasil,brasil,brasil,caso_isolado,brasil,filmeseseries,brasil,brasil
brasil,brasil,FicouGratis,antitrampo,brasil,brasil,brasil,brasil,Maromba,shittymoviedetails,brasil,brasil,ios,Damnthatsinteresting,brasil,futebol,brasil,brasil,brasil,saopaulo,suddenlycaralho,brasil,filmeseseries,brasil,brasil
brasil,brasil,brasil,brasil,brasil,brasil,brasil,gororoba,gororoba,brasil,brasil,brasil,brasil,Damnthatsinteresting,brasil,futebol,brasil,brasil,brasil,brasil,caso_isolado,brasil,pisca,brasil,brasil
OnePiece,brasil,brazilianmusic,animebrasil,brasil,brasil,brasil,gororoba,brasil,tinnitusresearch,brasil,brasil,brasil,Damnthatsinteresting,ShitpostBR,futebol,brasil,brasil,filmeseseries,brasil,brasil,brasil,arco_iris,brasil,nextfuckinglevel
brasil,brasil,brazilianmusic,brasil,brasil,brasil,CharacterAI,gororoba,brasil,tinnitusresearch,brasil,brasil,brasil,Damnthatsinteresting,brasil,brasil,brasil,brasil,filmeseseries,direito,Gambiarra,brasil,sexualidade,brasil,brasil
brasil,brasil,brazilianmusic,brasil,brasil,brasil,brasil,gororoba,estudosBR,brasil,brasil,brasil,brasil,Damnthatsinteresting,brasil,futebol,BrasildoB,brasil,brasil,brasil,CongressoConsequencia,brasil,arco_iris,brasil,brasil
brasil,BrasildoB,brasil,eu_nvr,brasil,farialimabets,toptalent,gororoba,jovemnerd,brasil,brasil,brasil,brasil,Damnthatsinteresting,TDAH_Brasil,futebol,brasil,redscarepod,brasil,farialimabets,CongressoConsequencia,brasil,sexualidade,WWEGames,brasil
brasil,BrasildoB,botecodoreddit,filmeseseries,brasil,brasil,toptalent,gororoba,filmes,brasil,brasil,brasil,brasil,Damnthatsinteresting,ShitpostBR,futebol,brasil,brasil,brasil,investimentos,crappyoffbrands,brasil,eu_nvr,brasil,brasil
brasil,BrasildoB,botecodoreddit,botecodoreddit,brasil,brasil,toptalent,brasil,enem,TerrifyingAsFuck,brasil,brasil,brasil,Damnthatsinteresting,TDAH_Brasil,brasil,brasil,brasil,brasil,brasil,brasil,brasil,sexualidade,WWEGames,brasil
brasil,brasil,InesperadoCu,brasil,brasil,brasil,brasil,brasil,jogatina,brasil,brasil,brasil,brasil,Damnthatsinteresting,TDAH_Brasil,brasil,brasil,brasil,filmeseseries,brasil,CongressoConsequencia,brasil,sexualidade,brasil,EuSouOBabaca
funny,brasil,brasil,brasil,brasil,brasil,brasil,brasil,antitrampo,brasil,brasil,brasil,brasil,Damnthatsinteresting,TDAH_Brasil,brasil,brasil,brasil,filmeseseries,direito,crappyoffbrands,brasil,arco_iris,WWEGames,EuSouOBabaca
OnePiece,brasil,brasil,antitrampo,brasil,brasil,CharacterAI,brasil,gamesEcultura,brasil,brasil,brasil,brasil,Damnthatsinteresting,TDAH_Brasil,brasil,brasil,brasil,brasil,investimentos,InesperadoCu,brasil,eu_nvr,WWEGames,antitrampo
brasil,brasil,brasil,brasil,Showerthoughts,desabafos,brasil,RelatosDoReddit,brasil,news,brasil,brasil,brasil,Damnthatsinteresting,brasil,brasil,brasil,brasil,brasil,brasil,crappyoffbrands,brasil,sexualidade,WWEGames,USP
brasil,brasil,brasil,brasil,viniccius13,farialimabets,brasil,RelatosDoReddit,jogatina,NonCredibleDefense,brasil,brasil,brasil,Damnthatsinteresting,brasil,futebol,brasil,brasil,brasil,brasil,caso_isolado,brasil,sexualidade,WWEGames,theydidthemath
OnePiece,brasil,brasil,brasil,brasil,farialimabets,brasil,RelatosDoReddit,gamesEcultura,brasil,brasil,brasil,brasil,Damnthatsinteresting,brasil,futebol,brasil,TheRightCantMeme,brasil,brasil,brasil,brasil,conversas,brasil,computadores
saopaulo,brasil,AceAttorney,brasil,brasil,brasil,brasil,RelatosDoReddit,gamesEcultura,ProgrammerHumor,brasil,brasil,brasil,Damnthatsinteresting,brasil,brasil,brasil,brasil,filmeseseries,brasil,caso_isolado,brasil,sexualidade,brasil,computadores
saopaulo,brasil,AceAttorney,futebol,harrypotter,farialimabets,brasil,RelatosDoReddit,filmes,brasil,brasil,brasil,brasil,funny,brasil,brasil,brasil,brasil,brasil,brasil,CongressoConsequencia,brasil,midjourney,brasil,theydidthemath
saopaulo,BrasildoB,AceAttorney,brasil,brasil,farialimabets,brasil,brasil,brasil,brasil,brasil,brasil,brasil,Whatcouldgowrong,brasil,futebol,brasil,politics,brasil,brasil,CongressoConsequencia,brasil,botecodoreddit,brasil,nottheonion
brasil,brasil,AceAttorney,Engenharia,brasil,farialimabets,brasil,gororoba,jovemnerd,Save3rdPartyApps,brasil,brasil,brasil,TikTokCringe,brasil,futebol,BrasildoB,brasil,filmeseseries,farialimabets,crappyoffbrands,brasil,brasil,brasil,AbruptChaos
brasil,brasil,brasil,brasil,harrypotter,brasil,CharacterAI,gororoba,gamesEcultura,brasil,brasil,brasil,brasil,brasil,brasil,futebol,brasil,brasil,filmeseseries,DataHoarder,brasil,ContagiousLaughter,brasil,brasil,DiWHY
OnePiece,brasil,InternetBrasil,brasil,brasil,brasil,CharacterAI,gororoba,gamesEcultura,BoostForReddit,brasil,brasil,brasil,nextfuckinglevel,brasil,futebol,brasil,brasil,brasil,brasil,CongressoConsequencia,brasil,sexualidade,brasil,technology
brasil,brasil,brasil,animebrasil,brasil,farialimabets,brasil,brasil,brasil,brasil,brasil,brasil,brasil,Whatcouldgowrong,brasil,brasil,brasil,brasil,brasil,brasil,caso_isolado,brasil,sexualidade,brasil,farialimabets
brasil,brasil,brasil,futebol,brasil,desabafos,brasil,brasil,brasil,brasil,brasil,brasil,brasil,nextfuckinglevel,brasil,futebol,brasil,brasil,brasil,brasil,caso_isolado,brasil,brasil,brasil,farialimabets
brasil,brasil,brasil,brasil,harrypotter,brasil,brasil,brasil,brasil,BoostForReddit,futebol,brasil,brasil,nextfuckinglevel,arco_iris,futebol,brasil,brasil,brasil,direito,brasil,brasil,brasil,WWEGames,farialimabets
brasil,BrasildoB,brasil,futebol,brasil,brasil,brasil,brasil,brasil,BoostForReddit,brasil,brasil,brasil,Whatcouldgowrong,brasil,futebol,brasil,brasil,brasil,brasil,InesperadoCu,brasil,brasil,WWEGames,Damnthatsinteresting
brasil,brasil,brasil,brasil,brasil,brasil,brasil,brasil,BrasildoB,ShitpostBR,brasil,brasil,brasil,TikTokCringe,TDAH_Brasil,futebol,brasil,brasil,brasil,brasil,Gambiarra,brasil,SemContexto,PiratedGames,Damnthatsinteresting
brasil,BrasildoB,computadores,brasil,brasil,brasil,brasil,brasil,BrasildoB,brasil,brasil,brasil,brasil,nextfuckinglevel,TDAH_Brasil,futebol,brasil,brasil,brasil,farialimabets,Gambiarra,brasil,SemContexto,PiratedGames,Damnthatsinteresting
brasil,brasil,brazilianmusic,futebol,brasil,brasil,brasil,brasil,BrasildoB,brasil,futebol,brasil,brasil,comics,filmeseseries,futebol,brasil,brasil,brasil,investimentos,Fortaleza,brasil,SemContexto,PiratedGames,brasil
brasil,brasil,brasil,futebol,harrypotter,brasil,dataisbeautiful,gororoba,BrasildoB,brasil,futebol,brasil,brasil,Invincible,filmeseseries,futebol,brasil,brasil,brasil,brasil,brasil,brasil,arco_iris,PiratedGames,brasil
brasil,brasil,brasil,antitrampo,harrypotter,brasil,dataisbeautiful,brasil,BrasildoB,brasil,futebol,brasil,brasil,Invincible,TDAH_Brasil,futebol,brasil,brasil,NovoNoReddit,farialimabets,brasil,brasil,brasil,brasil,brasil
brasil,BrasildoB,brasil,brasil,harrypotter,brasil,CharacterAI,brasil,brasil,worldnews,brasil,brasil,brasil,TikTokCringe,TDAH_Brasil,futebol,Livros,brasil,brasil,investimentos,Fortaleza,brasil,brasil,brasil,brasil
EngineeringPorn,brasil,brasil,brasil,harrypotter,brasil,CharacterAI,brasil,brasil,brasil,futebol,brasil,brasil,HunterXHunter,brasil,brasil,brasil,redscarepod,brasil,brasil,sucata,brasil,brasil,brasil,brasil
magicTCG,brasil,brasil,futebol,brasil,brasil,CharacterAI,pics,brasil,brasil,ufmg,brasil,brasil,comics,brasil,brasil,BrasildoB,Hasan_Piker,brasil,brasil,sucata,OMaiorBrasileiro,conversas,brasil,fixedbytheduet
brasil,brasil,brasil,futebol,brasil,brasil,CharacterAI,brasil,brasil,brasil,futebol,brasil,brasil,Invincible,brasil,brasil,BrasildoB,VaushV,NovoNoReddit,brasil,Gambiarra,brasil,sexualidade,brasil,OpenAI
brasil,brasil,brasil,brasil,antitrampo,brasil,CharacterAI,brasil,brasil,brasil,futebol,brasil,brasil,comics,eu_nvr,futebol,brasil,worldnews,filmeseseries,brasil,Gambiarra,desabafos,brasil,brasil,brasil
brasil,brasil,brasil,futebol,brasil,brasil,CharacterAI,brasil,farialimabets,brasil,futebol,brasil,brasil,MadeMeSmile,brasil,futebol,brasil,worldnews,brasil,brasil,porramauricio,brasil,botecodoreddit,brasil,brasil
HUEstation,brasil,brasil,futebol,brasil,desabafos,CharacterAI,gororoba,brasil,worldnews,futebol,brasil,brasil,Invincible,DopeBrasil,brasil,brasil,worldnews,VelhaGuarda,brasil,Gambiarra,brasil,midjourney,brasil,brasil
brasil,brasil,brasil,futebol,harrypotter,desabafos,worldnews,brasil,farialimabets,brasil,futebol,brasil,brasil,brasil,DopeBrasil,brasil,brasil,brasil,brasil,brasil,Gatos,desabafos,DoglaREDDIT,brasil,HolUp
brasil,brasil,brasil,brasil,brasil,farialimabets,worldnews,gororoba,brasil,brasil,futebol,brasil,brasil,brasil,DopeBrasil,brasil,brasil,Hasan_Piker,brasil,brasil,crappyoffbrands,brasil,brasil,brasil,HolUp
brasil,brasil,brasil,antitrampo,brasil,brasil,starcraft,brasil,RelatosDoReddit,brasil,futebol,brasil,brasil,brasil,SantaCatarina,futebol,brasil,VaushV,brasil,brasil,brasil,desabafos,brasil,brasil,HolUp
brasil,brasil,brasil,futebol,harrypotter,farialimabets,starcraft,brasil,gamesEcultura,brasil,futebol,brasil,brasil,brasil,TDAH_Brasil,futebol,brasil,brasil,brasil,brasil,andreyoung,brasil,brasil,brasil,SipsTea
brasil,brasil,brasil,brasil,harrypotter,desabafos,starcraft,brasil,brasil,brasil,futebol,brasil,brasil,brasil,farialimabets,futebol,brasil,brasil,brasil,brasil,brasil,brasil,eu_nvr,brasil,SipsTea
OnePiece,brasil,brasil,Engenharia,todayilearned,desabafos,starcraft,brasil,desabafos,brasil,futebol,brasil,brasil,TikTokCringe,eu_nvr,futebol,brasil,brasil,filmeseseries,brasil,brasil,brasil,sexualidade,brasil,SipsTea
HUEstation,brasil,brasil,brasil,brasil,brasil,MapPorn,brasil,Maromba,brasil,futebol,brasil,brasil,TikTokCringe,eu_nvr,futebol,antitrampo,brasil,brasil,investimentos,Gatos,brasil,botecodoreddit,brasil,videos
brasil,brasil,brasil,antitrampo,brasil,desabafos,starcraft,gororoba,BiologiaBrasil,brasil,brasil,brasil,brasil,brasil,brasil,brasil,brasil,brasil,brasil,brasil,porramauricio,brasil,sexualidade,brasil,brasil
brasil,BrasildoB,brasil,brasil,antitrampo,brasil,starcraft,brasil,BiologiaBrasil,ProgrammerHumor,futebol,brasil,brasil,comics,Cultivonha,futebol,BrasildoB,brasil,brasil,investimentos,brasil,brasil,OldSchoolCool,brasil,computadores
brasil,brasil,brasil,brasil,harrypotter,desabafos,starcraft,gororoba,PergunteReddit,ProgrammerHumor,futebol,brasil,botecodoreddit,brasil,brasil,brasil,BrasildoB,brasil,brasil,brasil,Gambiarra,brasil,midjourney,brasil,computadores
QueroAchar,brasil,brasil,brasil,brasil,brasil,politics,gororoba,jovemnerd,ProgrammerHumor,programacao,brasil,brasil,brasil,brasil,futebol,brasil,brasil,brasil,investimentos,Gambiarra,brasil,DoglaREDDIT,brasil,computadores
brasil,brasil,brasil,brasil,harrypotter,brasil,politics,gororoba,jovemnerd,EnquetesBrasil,programacao,brasil,brasil,comics,brasil,futebol,brasil,brasil,botecodoreddit,farialimabets,caso_isolado,brasil,AreTheStraightsOK,brasil,Cortex
brasil,brasil,brasil,brasil,harrypotter,brasil,itookapicture,brasil,Maromba,brasil,programacao,brasil,brasil,brasil,brasil,brasil,brasil,brasil,brasil,farialimabets,caso_isolado,brasil,sexualidade,brasil,Eldenring
brasil,brasil,brasil,antitrampo,brasil,brasil,dalle2,brasil,jovemnerd,gaming,EuSouOBabaca,brasil,brasil,filmes,eu_nvr,futebol,brasil,brasil,brasil,brasil,brasil,brasil,brasil,brasil,brasil
brasil,BrasildoB,brasil,brasil,brasil,brasil,starcraft,brasil,PergunteReddit,brasil,brdev,brasil,brasil,comics,brasil,brasil,brasil,brasil,brasil,investimentos,CongressoConsequencia,brasil,brasil,brasil,oddlyterrifying
magicTCG,BrasildoB,brasil,futebol,Damnthatsinteresting,brasil,starcraft,brasil,RelatosDoReddit,brasil,brdev,brasil,brasil,brasil,brasil,brasil,brasil,BrasildoB,brasil,brasil,brasil,brasil,oddlyterrifying,ParsecGaming,AskReddit
magicTCG,brasil,brasil,brasil,brasil,brasil,starcraft,RelatosDoReddit,RelatosDoReddit,news,riodejaneiro,brasil,brasil,HunterXHunter,brasil,futebol,BrasildoB,brasil,brasil,brasil,CongressoConsequencia,brasil,midjourney,brasil,AskReddit
