DeepNavyBlue,hello_mrthompson,TarmacWings,Desperate_Tadpole545,Snatchpd,neverpostnorcomment,rossmark,Due-Ring-1258,smegma_yogurt,madgbi,iAskann,brotocarioca,WinterPlanet,gabrielmorrissey,Krakoa22,KidAInRainbowsOk,Doctor_Who26,notimano,user-nome,colimar,Percilia,tiagolkar,LULALIVRECADEIA,Opistoleiro666,Misantropicalia
u_DeepNavyBlue,futebol,saopaulo,brasil,brasil,news,brasil,BrasildoB,computadores,skyrimmods,brasil,futebol,brasil,brasil,pisca,sexualidade,sexualidade,brasil,AfterEffects,gaming,Livros,futebol,leagueoflegends,brasil,brasil
brasil,brasil,saopaulo,brasil,BrasildoB,dalle2,brasil,BrasildoB,cursedcomments,eu_nvr,farialimabets,futebol,brasil,brasil,filmeseseries,brasil,jovemnerd,brasil,brasil,StarWars,filmeseseries,Gambiarra,SkincareBR,brasil,brasil
brasil,futebol,brasil,brasil,BrasildoB,dalle2,brasil,BrasildoB,computadores,jovemnerd,ShitpostBR,futebol,AlwaysTheSameMap,antitrampo,brasil,brasil,jovemnerd,brasil,brasil,StarWars,brasil,futebol,ADCMains,brasil,brasil
brasil,brasil,saopaulo,harrypotter,BrasildoB,brasil,tearsofthekingdom,brasil,spaceporn,brasil,gamesEcultura,futebol,antitrampo,antitrampo,pisca,brasil,jovemnerd,brasil,Brawlstars,brasil,antitrampo,futebol,brasil,brasil,brasil
filmeseseries,brasil,brasil,beatles,brasil,news,tearsofthekingdom,brasil,brasil,brasil,ShitpostBR,futebol,zelda,saopaulo,brasil,brasil,jovemnerd,brasil,brasil,RandomActsOfGaming,antitrampo,brasil,brasil,brasil,brasil
brasil,futebol,brasil,brasil,brasil,news,futebol,brasil,EnquetesBrasil,brasil,gamesEcultura,futebol,brasil,brdev,brasil,brasil,jovemnerd,BrasildoB,saopaulo,brasil,botecodoreddit,PORTUGALCARALHO,brasil,brasil,brasil
brasil,brasil,botecodoreddit,brasil,BrasildoB,news,brasil,brasil,sciencememes,brasil,ShitpostBR,futebol,LeavingNeverlandHBO,farialimabets,brasil,brasil,F1Brasil,brasil,brasil,brasil,antitrampo,brasil,DirtySionMains,brasil,brasil
ThatsInsane,volleyball,japan,brasil,BrasildoB,news,futebol,brasil,animememes,brasil,ShitpostBR,brasil,brasil,farialimabets,brasil,brasil,brasil,brasil,AfterEffects,brasil,brasil,brasil,brasil,brasil,brasil
filmeseseries,volleyball,japan,thelastofus,BrasildoB,news,futebol,farialimabets,brasil,brasil,ShitpostBR,brasil,LeavingNeverlandHBO,saopaulo,brasil,brasil,saopaulo,brasil,AfterEffects,brasil,conversas,brasil,DirtySionMains,brasil,brasil
PergunteReddit,antitrampo,botecodoreddit,brasil,brasil,brasil,brasil,brasil,2latinoforyou,BeloHorizonte,gamesEcultura,brasil,LeavingNeverlandHBO,brdev,brasil,brasil,brasil,brasil,AfterEffects,brasil,brasil,brasil,leagueoflegends,brasil,brasil
brasil,gamesEcultura,botecodoreddit,brasil,brasil,dalle2,brasil,farialimabets,investimentos,brasil,brasil,brasil,LeavingNeverlandHBO,brasil,brasil,Twitter_Brasil,brasil,BrasildoB,ShitpostBR,brasil,brasil,brasil,brasil,PizzaCrimes,brasil
brasil,futebol,botecodoreddit,brasil,brasil,dalle2,brasil,brasil,ProgrammerHumor,brasil,gamesEcultura,brasil,LeavingNeverlandHBO,saopaulo,brasil,Cultivonha,brasil,brasil,brasil,OldSchoolCool,brasil,brasil,leagueoflegends,PizzaCrimes,brasil
PergunteReddit,volleyball,brasil,brasil,brasil,brasil,brasil,RelatosDoReddit,botecodoreddit,brasil,ShitpostBR,brasil,LeavingNeverlandHBO,saopaulo,brasil,brasil,brasil,brasil,Brawlstars,steam_giveaway,brasil,ANormalDayInRussia,meirl,brasil,brasil
NovoNoReddit,futebol,brasil,brasil,brasil,brasil,tearsofthekingdom,gamesEcultura,botecodoreddit,brasil,ShitpostBR,brasil,LeavingNeverlandHBO,farialimabets,brasil,brasil,brasil,brasil,brasil,blackcats,brasil,golpe,leagueoflegends,brasil,brasil
brasil,volleyball,saopaulo,brasil,BrasildoB,Unexpected,brasil,brasil,brasil,brasil,antitrampo,futebol,AbruptChaos,gamesEcultura,brasil,brasil,jovemnerd,brasil,saopaulo,steam_giveaway,brasil,brasil,brasil,brasil,brasil
brasil,futebol,MeJulgue,brasil,BrasildoB,brasil,brasil,desabafos,brasil,brasil,ShitpostBR,futebol,brasil,brasil,brasil,brasil,doctorwho,brasil,brasil,brasil,brasil,PizzaCrimes,brasil,PizzaCrimes,TheDeprogram
ModsBr,futebol,saopaulo,brasil,BrasildoB,Unexpected,futebol,Maromba,brasil,brasil,ShitpostBR,futebol,justneckbeardthings,brasil,brasil,brasil,jovemnerd,brasil,brasil,OldSchoolCool,brasil,golpe,brasil,brasil,TheDeprogram
brasil,brasil,brasil,beatles,brasil,brasil,RedLetterMedia,BiologiaBrasil,brasil,brasil,pisca,futebol,LeavingNeverlandHBO,brasil,brasil,brasil,arco_iris,brasil,brasil,FicouGratis,30mais,brasil,leagueoflegends,brasil,coolguides
brasil,futebol,brasil,Gambiarra,BrasildoB,dalle2,RedLetterMedia,BiologiaBrasil,brasil,brasil,ShitpostBR,futebol,sims2,brasil,brasil,eu_nvr,arco_iris,brasil,brasil,AskReddit,brasil,brasil,andreyoung,brasil,coolguides
brasil,antitrampo,brasil,brasil,BrasildoB,brasil,gaming,PergunteReddit,brasil,brasil,botecodoreddit,futebol,brasil,brasil,pisca,eu_nvr,jovemnerd,brasil,brasil,brasil,brasil,brasil,ConselhosLegais,brasil,coolguides
brasil,brasil,brasil,brasil,brasil,coolguides,RedLetterMedia,jovemnerd,InternetBrasil,brasil,pisca,brasil,brasil,brasil,antitrampo,brasil,jovemnerd,direito,brasil,brasil,Twitter_Brasil,Manaus,ConselhosLegais,brasil,coolguides
brasil,brasil,saopaulo,harrypotter,BrasildoB,brasil,brasil,jovemnerd,brasil,BeloHorizonte,farialimabets,futebol,LeavingNeverlandHBO,brasil,brasil,brasil,jovemnerd,brasil,Brawlstars,brasil,Twitter_Brasil,Manaus,ConselhosLegais,brasil,coolguides
brasil,futebol,saopaulo,ExplainTheJoke,brasil,brasil,brasil,Maromba,news,brasil,ShitpostBR,brasil,LeavingNeverlandHBO,brasil,brasil,brasil,brasil,brasil,Brawlstars,blankies,brasil,Manaus,brasil,brasil,brasil
brasil,brasil,saopaulo,harrypotter,brasil,MadeMeSmile,NintendoSwitch,jovemnerd,programming,jovemnerd,warcraftrumble,brasil,LeavingNeverlandHBO,brasil,brasil,brasil,brasil,brasil,saopaulo,StarWars,brasil,Manaus,leagueoflegends,brasil,brasil
brasil,futebol,brasil,harrypotter,brasil,MadeMeSmile,brasil,PergunteReddit,HistoryMemes,jovemnerd,ShitpostBR,brasil,flatearth,brasil,brasil,brasil,brasil,brasil,brasil,FicouGratis,relacionamentos,Manaus,leagueoflegends,brasil,brasil
brasil,carros,brasil,spaceporn,brasil,Futurology,futebol,RelatosDoReddit,brasil,jovemnerd,farialimabets,brasil,antitrampo,brasil,brasil,brasil,brasil,brasil,brasil,BillBurr,relacionamentos,Manaus,LeagueOfMemes,brasil,brasil
brasil,futebol,saopaulo,harrypotter,BrasildoB,brasil,tearsofthekingdom,RelatosDoReddit,brasil,brasil,brasil,brasil,brasil,brasil,brasil,brasil,brasil,enem,brasil,steam_giveaway,CrazyFuckingVideos,brasil,LeagueOfMemes,brasil,brasil
VelhaGuarda,futebol,brasil,harrypotter,brasil,brasil,brasil,farialimabets,worldnews,brasil,ShitpostBR,brasil,antitrampo,brasil,brasil,brasil,brasil,brasil,brasil,BillBurr,WomensSoccer,brasil,top_mains,brasil,brasil
brasil,brasil,brasil,beatles,brasil,brasil,brasil,estudosBR,nottheonion,brasil,farialimabets,brasil,brasil,brasil,brasil,brasil,jovemnerd,brasil,AfterEffects,gaming,relacionamentos,brasil,LeagueOfMemes,brasil,brasil
brasil,brasil,brasil,brasil,brasil,brasil,brasil,Livros,worldnews,brasil,ShitpostBR,brasil,asklatinamerica,brasil,brasil,brasil,brasil,brasil,brasil,steam_giveaway,brasil,brasil,leagueoflegends,brasil,brasil
gamesEcultura,brasil,saopaulo,brasil,brasil,brasil,brasil,brasil,brasil,brasil,ShitpostBR,brasil,justneckbeardthings,brasil,brasil,brasil,jovemnerd,brasil,SipsTea,steam_giveaway,brasil,Gambiarra,FioraMains,brasil,brasil
brasil,antitrampo,saopaulo,brasil,brasil,brasil,brasil,PergunteReddit,brasil,brasil,botecodoreddit,brasil,LeavingNeverlandHBO,brasil,brasil,brasil,doctorwho,brasil,brasil,steam_giveaway,brasil,brasil,azirmains,brasil,brasil
brasil,brasil,saopaulo,oddlysatisfying,BrasildoB,dalle2,brasil,PergunteReddit,brasil,brasil,farialimabets,brasil,brasil,brasil,brasil,brasil,antitrampo,BrasildoB,AndroidGaming,steam_giveaway,brasil,brasil,brasil,brasil,brasil
brasil,brasil,cacofatos,brasil,brasil,dalle2,brasil,brasil,botecodoreddit,brasil,farialimabets,brasil,LeavingNeverlandHBO,brasil,brasil,brasil,antitrampo,BrasildoB,ShitpostBR,FicouGratis,botecodoreddit,brasil,brasil,brasil,brasil
brasil,brasil,saopaulo,brasil,brasil,dalle2,roosterteeth,gamesEcultura,brasil,brasil,Calango,brasil,LeavingNeverlandHBO,brasil,brasil,brasil,antitrampo,brasil,brasil,youtube,brasil,brasil,brasil,brasil,direito
brasil,brasil,brasil,brasil,brasil,dalle2,brasil,brasil,brasil,BeloHorizonte,botecodoreddit,brasil,LeavingNeverlandHBO,brasil,brasil,brasil,antitrampo,brasil,brasil,brasil,brasil,Manaus,brasil,EuSouOBabaca,brasil
brasil,brasil,saopaulo,brasil,BrasildoB,dalle2,brasil,RelatosDoReddit,brasil,brasil,botecodoreddit,brasil,LeavingNeverlandHBO,brasil,brasil,brasil,futebol,brasil,brasil,TheSimpsons,brasil,Manaus,brasil,EuSouOBabaca,brasil
brasil,futebol,brasil,brasil,brasil,dalle2,brasil,farialimabets,brasil,brasil,botecodoreddit,brasil,LeavingNeverlandHBO,brasil,pisca,arco_iris,cats,gamesEcultura,brasil,antitrampo,brasil,funny,brasil,EuSouOBabaca,brasil
brasil,brasil,brasil,brasil,brasil,dalle2,brasil,brasil,brasil,brasil,botecodoreddit,brasil,LeavingNeverlandHBO,brasil,brasil,brasil,imaginedragons,brasil,DiWHY,BillBurr,brasil,brasil,brasil,EuSouOBabaca,brasil
brasil,brasil,brasil,brasil,brasil,dalle2,brasil,jovemnerd,AMABRASIL,brasil,ShitpostBR,brasil,LeavingNeverlandHBO,brasil,brasil,brasil,arco_iris,brasil,brasil,StarWars,ConselhosLegais,brasil,brasil,brasil,brasil
brasil,antitrampo,saopaulo,beatles,brasil,dalle2,brasil,RelatosDoReddit,botecodoreddit,brasil,botecodoreddit,brasil,LeavingNeverlandHBO,saopaulo,brasil,brasil,jovemnerd,brasil,saopaulo,TheSimpsons,brasil,futebol,brasil,brasil,brasil
brasil,brasil,brasil,brasil,brasil,dalle2,brasil,jovemnerd,botecodoreddit,brasil,botecodoreddit,brasil,LeavingNeverlandHBO,brdev,brasil,brasil,jovemnerd,BrasildoB,brasil,brasil,Twitter_Brasil,Gambiarra,farialimabets,brasil,enem
brasil,brasil,brasil,brasil,brasil,brasil,brasil,filmeseseries,brasil,brasil,ShitpostBR,brasil,LeavingNeverlandHBO,Epiphone,brasil,brasil,brdev,brasil,saopaulo,brasil,brasil,brasil,carros,brasil,brasil
filmeseseries,brasil,brasil,brasil,brasil,dalle2,brasil,farialimabets,brasil,brasil,ShitpostBR,brasil,LeavingNeverlandHBO,brdev,brasil,brasil,drums,brasil,brasil,steam_giveaway,desabafos,brasil,brasil,brasil,brasil
filmeseseries,futebol,brasil,brasil,brasil,dalle2,brasil,BrasildoB,TerrifyingAsFuck,brasil,farialimabets,brasil,LeavingNeverlandHBO,brdev,brasil,brasil,jovemnerd,brasil,brasil,RandomActsOfGaming,brasil,brasil,brasil,brasil,brasil
brasil,brasil,brasil,beatles,brasil,brasil,futebol,saopaulo,science,brasil,ShitpostBR,brasil,LeavingNeverlandHBO,brdev,brasil,brasil,Bastille,brasil,saopaulo,brasil,brasil,brasil,brasil,brasil,desabafos
brasil,brasil,botecodoreddit,brasil,brasil,brasil,brasil,PergunteReddit,brasil,brasil,ShitpostBR,brasil,LeavingNeverlandHBO,brdev,brasil,brasil,jovemnerd,brasil,brasil,brasil,brasil,brasil,brasil,brasil,brasil
brasil,futebol,botecodoreddit,brasil,BrasildoB,dalle2,futebol,PergunteReddit,brasil,brasil,farialimabets,brasil,botecodoreddit,brdev,brasil,brasil,imaginedragons,brasil,AfterEffects,steam_giveaway,brasil,MeatCanyon,brasil,GarenMains,desabafos
brasil,futebol,brasil,brasil,brasil,dalle2,brasil,PergunteReddit,brasil,brasil,ShitpostBR,brasil,israelexposed,brdev,brasil,brasil,TDAH_Brasil,brasil,brasil,brasil,brasil,futebol,antitrampo,bwc,brasil
filmeseseries,brasil,brasil,beatles,brasil,dalle2,brasil,brasil,botecodoreddit,brasil,farialimabets,brasil,justneckbeardthings,brdev,brasil,brasil,devjr,brasil,Brawlstars,FicouGratis,desabafos,brasil,leagueoflegends,MassiveCock,brasil
filmeseseries,futebol,brasil,beatles,brasil,dalle2,brasil,brasil,brasil,brasil,pisca,brasil,LeavingNeverlandHBO,brdev,brasil,brasil,imaginedragons,brasil,brasil,brasil,AbruptChaos,brasil,brasil,Girlsratecocks,brasil
brasil,futebol,botecodoreddit,brasil,brasil,brasil,brasil,brasil,brasil,jovemnerd,ShitpostBR,brasil,LeavingNeverlandHBO,brdev,brasil,brasil,imaginedragons,brasil,brasil,brasil,botecodoreddit,golpe,brasil,Real_girls_rate_cock,TheDeprogram
brasil,futebol,brasil,thelastofus,brasil,brasil,brasil,RelatosDoReddit,news,brasil,ShitpostBR,brasil,LeavingNeverlandHBO,brdev,brasil,Cruzeiro,brdev,brasil,brasil,brasil,botecodoreddit,golpe,ConselhosLegais,CockRateMe,TheDeprogram
brasil,futebol,saopaulo,harrypotter,brasil,dalle2,brasil,brasil,technology,brasil,ShitpostBR,brasil,antitrampo,brdev,brasil,japan_insoul,saopaulo,brasil,AgiotasClub,brasil,botecodoreddit,brasil,InternetBrasil,ratemycock,brasil
brasil,brasil,botecodoreddit,harrypotter,brasil,dalle2,brasil,Twitter_Brasil,brasil,brasil,ShitpostBR,brasil,StarWarsleftymemes,brdev,brasil,brasil,brdev,brasil,AfterEffects,brasil,brasil,archeologyworld,computadores,straightturnedgay,brasil
filmeseseries,brasil,botecodoreddit,harrypotter,BrasildoB,brasil,FUCKFACEPOD,brasil,brasil,eu_nvr,brasil,brasil,LeavingNeverlandHBO,brdev,brasil,filmes,brasil,brasil,brasil,brasil,brasil,brasil,farialimabets,straightturnedgay,brasil
brasil,ApoioVet,botecodoreddit,harrypotter,brasil,dalle2,tearsofthekingdom,brasil,brasil,skyrimmods,ShitpostBR,brasil,LeavingNeverlandHBO,brdev,brasil,brasil,brasil,brasil,brasil,brasil,brasil,brasil,brasil,brasil,brasil
brasil,brasil,saopaulo,brasil,brasil,dataisbeautiful,tearsofthekingdom,filmeseseries,brasil,skyrimmods,gamesEcultura,brasil,LeavingNeverlandHBO,brdev,brasil,eu_nvr,brasil,brasil,ShitpostBR,DC_Cinematic,relacionamentos,brasil,antitrampo,brasil,brasil
filmeseseries,futebol,brasil,brasil,brasil,dataisbeautiful,tearsofthekingdom,brasil,brasil,skyrimmods,ShitpostBR,brasil,chomsky,brdev,brasil,eu_nvr,brasil,brasil,DiWHY,OldSchoolCool,AnimalsBeingDerps,brasil,truerateme,brasil,brasil
filmeseseries,futebol,saopaulo,brasil,brasil,dalle2,brasil,brasil,brasil,BeloHorizonte,brasil,brasil,brasil,brdev,brasil,ateismo_br,brasil,BrasildoB,brasil,TheSimpsons,desabafos,brasil,brasil,brasil,brasil
brasil,brasil,brasil,brasil,brasil,brasil,tearsofthekingdom,RelatosDoReddit,CombatFootage,BeloHorizonte,ShitpostBR,brasil,LeavingNeverlandHBO,brdev,brasil,brasil,doctorwho,brasil,brasil,StarWars,brasil,brasil,antitrampo,brasil,TheDeprogram
brasil,brasil,brasil,brasil,BrasildoB,brasil,southpark,filmeseseries,mildlyinteresting,EuSouOBabaca,ShitpostBR,brasil,Sims4,brdev,brasil,brasil,jovemnerd,brasil,AfterEffects,NoStupidQuestions,aww,futebol,whatisthisbug,brasil,PropagandaPosters
brasil,brasil,saopaulo,brasil,brasil,dalle2,tearsofthekingdom,gamesEcultura,science,EuSouOBabaca,farialimabets,brasil,StarWarsleftymemes,brdev,brasil,brasil,BisexualMen,brasil,funny,NoStupidQuestions,interestingasfuck,brasil,whatisthisbug,brasil,brasil
brasil,brasil,saopaulo,brasil,brasil,dalle2,tearsofthekingdom,brasil,brasil,EuSouOBabaca,farialimabets,brasil,StarWarsleftymemes,brdev,brasil,ShitpostBR,brasil,brasil,tiodopave,TheSimpsons,desabafos,golpe,whatisthisbug,brasil,brasil
brasil,brasil,saopaulo,brasil,BrasildoB,brasil,brasil,brasil,WTF,EuSouOBabaca,ShitpostBR,brasil,StarWarsleftymemes,brdev,brasil,brasil,arco_iris,brasil,ShitpostBR,brasil,desabafos,palmeiras,whatisthisbug,brasil,ShitLiberalsSay
brasil,animebrasil,saopaulo,brasil,BrasildoB,Futurology,tearsofthekingdom,brasil,gororoba,MeJulgue,ShitpostBR,brasil,brasil,brdev,brasil,brasil,arco_iris,brasil,Brawlstars,brasil,brasil,u_tiagolkar,leagueoflegends,brasil,TheDeprogram
brasil,jogatina,saopaulo,brasil,brasil,Futurology,tearsofthekingdom,brasil,science,MeJulgue,gamesEcultura,brasil,BrasildoB,brdev,brasil,brasil,arco_iris,brasil,AfterEffects,brasil,brasil,Manaus,leagueoflegends,maceio,brasil
brasil,brasil,saopaulo,spaceporn,brasil,Futurology,tearsofthekingdom,brasil,2latinoforyou,MeJulgue,jovemnerd,brasil,brasil,brdev,brasil,eu_nvr,jovemnerd,brasil,brasil,brasil,ConselhosLegais,futebol,brasil,maceio,VaushV
brasil,brasil,brasil,Damnthatsinteresting,brasil,Futurology,tearsofthekingdom,saopaulo,DiWHY,MeJulgue,botecodoreddit,brasil,StarWarsleftymemes,brdev,brasil,eu_nvr,brasil,brasil,AfterEffects,blackcats,interestingasfuck,brasil,brasil,brasil,NoStupidQuestions
NovoNoReddit,FlorkofCowsOfficial,brasil,brasil,brasil,Futurology,tearsofthekingdom,brasil,brasil,MeJulgue,botecodoreddit,brasil,vegan,brdev,brasil,brasil,brasil,brasil,brasil,brasil,brasil,brasil,brasil,maceio,direito
brasil,brasil,brasil,brasil,brasil,brasil,brasil,brasil,brasil,MeJulgue,botecodoreddit,brasil,StarWarsleftymemes,brdev,Livros,brasil,brasil,brasil,Brawlstars,brasil,interestingasfuck,futebol,xqcow,Recife,MapPorn
brasil,AnimesBrasil,brasil,brasil,BrasildoB,starcraft,brasil,brasil,worldnews,brasil,ShitpostBR,brasil,brasil,brdev,brasil,ateismo_br,jovemnerd,brasil,brasil,brasil,brasil,brasil,brasil,maceio,brasil
brasil,antitrampo,saopaulo,brasil,brasil,brasil,tearsofthekingdom,brasil,portugueses,jovemnerd,brasil,brasil,StarWarsleftymemes,brdev,gafespolitica,TDAH_Brasil,jovemnerd,BrasildoB,brasil,brasil,Damnthatsinteresting,brasil,EuSouOBabaca,brasil,brasil
NovoNoReddit,futebol,saopaulo,brasil,brasil,starcraft,tearsofthekingdom,brasil,portugueses,jovemnerd,gamesEcultura,brasil,StarWarsleftymemes,brdev,gafespolitica,ateismo_br,jovemnerd,brasil,brasil,brasil,brasil,brasil,leagueoflegends,brasil,brasil
filmeseseries,futebol,botecodoreddit,brasil,brasil,starcraft,tearsofthekingdom,brasil,worldnews,brasil,gamesEcultura,brasil,brasil,brdev,Livros,botecodoreddit,brasil,brasil,brasil,brasil,brasil,ConselhosLegais,leagueoflegends,brasil,brasil
brasil,volleyball,brasil,harrypotter,brasil,brasil,tearsofthekingdom,BrasildoB,brasil,brasil,brasil,brasil,brasil,brdev,RelatosDoReddit,TDAH_Brasil,brasil,brasil,Brawlstars,brasil,brasil,brasil,PORTUGALCARALHO,brasil,brasil
VelhaGuarda,FlorkofCowsOfficial,brasil,brasil,brasil,starcraft,tearsofthekingdom,brasil,brasil,brasil,brasil,brasil,brasil,brdev,relacionamentos,Cultivonha,Maps,brasil,brasil,steam_giveaway,WTF,brasil,portugueses,brasil,brasil
brasil,volleyball,brasil,harrypotter,BrasildoB,brasil,tearsofthekingdom,BrasildoB,KidsAreFuckingStupid,brasil,ShitpostBR,brasil,vegan,brdev,RelatosDoReddit,brasil,jovemnerd,brasil,brasil,brasil,brasil,brasil,leagueoflegends,brasil,brasil
brasil,futebol,saopaulo,harrypotter,brasil,brasil,tearsofthekingdom,AliensDarkDescent,collapse,BeloHorizonte,ShitpostBR,brasil,zelda,brdev,filmeseseries,brasil,jovemnerd,brasil,SipsTea,F1Game,brasil,PizzaCrimes,farialimabets,brasil,brasil
brasil,brasil,brasil,spaceporn,brasil,brasil,futebol,BrasildoB,tifu,skyrimmods,u_iAskann,brasil,zelda,brdev,brasil,brasil,AcerOfficial,brasil,brasil,brasil,brasil,PizzaCrimes,brasil,brasil,brasil
brasil,brasil,saopaulo,brasil,BrasildoB,brasil,zelda,saopaulo,WorkReform,brasil,ESTILOZAP,brasil,Instagramreality,brdev,gafespolitica,brasil,brasil,brasil,brasil,FicouGratis,brasil,futebol,brasil,brasil,brasil
brasil,brasil,botecodoreddit,brasil,brasil,starcraft,tearsofthekingdom,antitrampo,technews,brasil,ESTILOZAP,brasil,brasil,brdev,botecodoreddit,brasil,brasil,brasil,brasil,FREE,brasil,Manaus,brasil,brasil,brasil
filmeseseries,brasil,brasil,harrypotter,brasil,Stormgate,NintendoSwitch,antitrampo,brasil,skyrimmods,jovemnerd,brasil,antitrampo,brdev,RelatosDoReddit,brasil,jovemnerd,brasil,brasil,brasil,brasil,brasil,brasil,brasil,brasil
brasil,brasil,brasil,Showerthoughts,brasil,brasil,tearsofthekingdom,gamesEcultura,brasil,skyrimmods,farialimabets,futebol,sims2,brdev,RelatosDoReddit,brasil,futebol,BrasildoB,brasil,brasil,brasil,brasil,leagueoflegends,brasil,brasil
brasil,brasil,brasil,brasil,brasil,brasil,tearsofthekingdom,brasil,farialimabets,skyrimmods,EuSouOBabaca,brasil,zelda,brdev,brasil,ShitpostBR,brasil,BrasildoB,brasil,steam_giveaway,brasil,futebol,brasil,brasil,brasil
brasil,brasil,brasil,brasil,brasil,brasil,brasil,antitrampo,worldnews,skyrimmods,shitposting,brasil,Maromba,brdev,pisca,brasil,brasil,BrasildoB,brasil,brasil,brasil,brasil,botecodoreddit,brasil,brasil
brasil,brasil,saopaulo,brasil,BrasildoB,brasil,tearsofthekingdom,brasil,brasil,skyrimmods,gamesEcultura,futebol,LeavingNeverlandHBO,brdev,Livros,brasil,brasil,brasil,brasil,brasil,brasil,brasil,EuSouOBabaca,firepro,brasil
brasil,estudosBR,saopaulo,brasil,BrasildoB,brasil,brasil,gamesEcultura,botecodoreddit,skyrimmods,gamesEcultura,brasil,zelda,brdev,pisca,TDAH_Brasil,brasil,brasil,brasil,brasil,brasil,Manaus,farialimabets,brasil,brasil
botecodoreddit,futebol,saopaulo,harrypotter,BrasildoB,brasil,brasil,brasil,botecodoreddit,ConselhosLegais,gamesEcultura,brasil,zelda,brdev,gafespolitica,ShitpostBR,brasil,BrasildoB,brasil,brasil,brasil,Gambiarra,leagueoflegends,brasil,brasil
brasil,futebol,saopaulo,oddlysatisfying,brasil,brasil,brasil,brasil,brasil,brasil,farialimabets,brasil,zelda,brdev,gafespolitica,TDAH_Brasil,brasil,brasil,ESTILOZAP,brasil,brasil,golpe,DirtySionMains,brasil,brasil
brasil,futebol,saopaulo,DebateCommunism,brasil,brasil,nintendo,conversas,brasil,brasil,brasil,brasil,zelda,brdev,gafespolitica,TDAH_Brasil,eu_nvr,brasil,rareinsults,brasil,brasil,brasil,DirtySionMains,Minecraft,brasil
brasil,brasil,botecodoreddit,DebateCommunism,brasil,brasil,tearsofthekingdom,Maromba,botecodoreddit,brasil,ShitpostBR,brasil,brasil,brdev,gafespolitica,TDAH_Brasil,eu_nvr,brasil,ESTILOZAP,brasil,brasil,brasil,farialimabets,Minecraft,brasil
brasil,brasil,botecodoreddit,DebateCommunism,brasil,brasil,tearsofthekingdom,BrasildoB,botecodoreddit,brasil,ShitpostBR,brasil,brasil,MeJulgue,gafespolitica,TDAH_Brasil,futebol,brasil,brasil,brasil,interestingasfuck,ConselhosLegais,Satisfyingasfuck,computadores,brasil
brasil,brasil,botecodoreddit,MadeMeSmile,brasil,brasil,tearsofthekingdom,brasil,botecodoreddit,brasil,brasil,brasil,brasil,Corrida,gafespolitica,brasil,futebol,brasil,brasil,brasil,brasil,TerrifyingAsFuck,farialimabets,computadores,brasil
brasil,volleyball,VietNam,brasil,brasil,brasil,tearsofthekingdom,brasil,botecodoreddit,brasil,brasil,brasil,2latinoforyou,programacao,desabafos,brasil,futebol,BrasildoB,ShitpostBR,brasil,brasil,futebol,BanPitBulls,brasil,brasil
brasil,brasil,botecodoreddit,brasil,brasil,brasil,tearsofthekingdom,antitrampo,botecodoreddit,brasil,jovemnerd,brasil,2latinoforyou,brasil,desabafos,brasil,bisexual,BrasildoB,ShitpostBR,steam_giveaway,brasil,ConselhosLegais,leagueoflegends,brasil,brasil
botecodoreddit,brasil,botecodoreddit,brasil,brasil,brasil,tearsofthekingdom,brasil,botecodoreddit,brasil,jovemnerd,brasil,Sims4,saopaulo,gafespolitica,brasil,jovemnerd,brasil,tiodopave,brasil,brasil,Manaus,leagueoflegends,brasil,brasil
brasil,brasil,NintendoSwitch,brasil,BrasildoB,brasil,tearsofthekingdom,brasil,sexualidade,brasil,farialimabets,brasil,zelda,brdev,pisca,brasil,jovemnerd,brasil,brasil,FicouGratis,brasil,Manaus,leagueoflegends,brasil,brasil
brasil,brasil,botecodoreddit,brasil,brasil,brasil,brasil,RelatosDoReddit,botecodoreddit,brasil,brasil,brasil,farialimabets,brdev,gafespolitica,brasil,bisexual,brasil,brasil,brasil,brasil,Manaus,brasil,brasil,brasil
brasil,botecodoreddit,brasil,harrypotter,brasil,starcraft,brasil,brasil,brasil,WTF,brasil,futebol,2latinoforyou,Vasectomy,gafespolitica,brasil,InternetBrasil,brasil,Brawlstars,brasil,brasil,Manaus,brasil,brasil,brasil
brasil,brasil,cacofatos,brasil,brasil,brasil,brasil,PergunteReddit,brasil,brasil,EuSouOBabaca,programacao,brasil,Epiphone,brasil,brasil,brasil,brasil,Brawlstars,brasil,brasil,Manaus,farialimabets,brasil,brasil
brasil,brasil,saopaulo,brasil,brasil,brasil,tearsofthekingdom,brasil,brasil,EnaiRim,EuSouOBabaca,brasil,Unexpected,Epiphone,brasil,brasil,brasil,brasil,brasil,brasil,brasil,Manaus,farialimabets,firepro,brasil
brasil,brasil,brasil,brasil,brasil,brasil,tearsofthekingdom,brasil,brasil,brasil,EuSouOBabaca,brasil,Unexpected,Epiphone,brasil,brasil,brasil,brasil,AfterEffects,brasil,brasil,Manaus,brasil,brasil,brasil
Gatos,brasil,japan,brasil,brasil,brasil,brasil,brasil,brasil,skyrimmods,brasil,brasil,brasil,Epiphone,antitrampo,brasil,brasil,BrasildoB,Brawlstars,brasil,brasil,Manaus,farialimabets,brasil,brasil
Gatos,brasil,brasil,brasil,BrasildoB,brasil,brasil,antitrampo,brasil,investimentos,gamesEcultura,brasil,brasil,saopaulo,antitrampo,arco_iris,futebol,brasil,AfterEffects,brasil,brasil,Manaus,farialimabets,brasil,brasil
Gatos,brasil,botecodoreddit,brasil,brasil,brasil,roosterteeth,brasil,brasil,brasil,ShitpostBR,brasil,2latinoforyou,Vasectomy,SemContexto,brasil,futebol,BrasildoB,tiodopave,steam_giveaway,brasil,Manaus,AskDocs,brasil,brasil
brasil,brasil,brasil,brasil,BrasildoB,BrasildoB,FUCKFACEPOD,MapPorn,brasil,skyrimmods,brasil,brasil,brasil,Vasectomy,gafespolitica,TDAH_Brasil,futebol,brasil,ShitpostBR,steam_giveaway,brasil,Manaus,farialimabets,brasil,brasil
brasil,brasil,brasil,brasil,brasil,BrasildoB,brasil,brasil,sexualidade,skyrimmods,farialimabets,futebol,Maromba,Epiphone,botecodoreddit,TDAH_Brasil,brasil,brasil,brasil,brasil,brasil,Manaus,farialimabets,brasil,brasil
brasil,brasil,saopaulo,brasil,brasil,brasil,brasil,BrasildoB,sexualidade,investimentos,brasil,programacao,2latinoforyou,gamesEcultura,botecodoreddit,filmeseseries,futebol,brasil,ShitpostBR,TheSimpsons,brasil,Manaus,brasil,brasil,brasil
brasil,brasil,saopaulo,brasil,brasil,brasil,brasil,MapPorn,brasil,investimentos,farialimabets,brdev,brasil,saopaulo,RelatosDoReddit,filmeseseries,jovemnerd,brasil,brasil,brasil,brasil,brasil,farialimabets,brasil,brasil
brasil,brasil,botecodoreddit,brasil,BrasildoB,brasil,brasil,gamesEcultura,brasil,investimentos,brasil,brasil,brasil,saopaulo,gafespolitica,TDAH_Brasil,DoctorWhumour,brasil,AndroidGaming,brasil,brasil,brasil,brasil,brasil,redscarepod
brasil,brasil,botecodoreddit,brasil,brasil,brasil,brasil,brasil,brasil,skyrimmods,gamesEcultura,futebol,vegancirclejerk,brasil,gafespolitica,TDAH_Brasil,brasil,brasil,AndroidGaming,steam_giveaway,brasil,Manaus,leagueoflegends,brasil,redscarepod
brasil,antitrampo,botecodoreddit,AskReddit,brasil,brasil,formula1,PergunteReddit,sexualidade,investimentos,gamesEcultura,conversas,Maromba,Vasectomy,gafespolitica,brasil,mercedesamgf1,brasil,brasil,RandomActsOfGaming,brasil,Manaus,facepalm,brasil,redscarepod
Gatos,brasil,botecodoreddit,brasil,brasil,brasil,tearsofthekingdom,brasil,30mais,skyrimmods,farialimabets,Portuguese,sims2,botecodoreddit,gafespolitica,brasil,brasil,BrasildoB,brasil,brasil,brasil,Manaus,facepalm,brasil,redscarepod
Gatos,brasil,saopaulo,harrypotter,brasil,brasil,formula1,brasil,botecodoreddit,skyrimmods,farialimabets,futebol,Maromba,gamesEcultura,brasil,brasil,formula1,brasil,brasil,AskReddit,brasil,brasil,facepalm,brasil,redscarepod
brasil,brasil,brasil,brasil,brasil,brasil,formula1,farialimabets,botecodoreddit,investimentos,farialimabets,futebol,brasil,Epiphone,brasil,eu_nvr,haasf1team,brasil,Brawlstars,steam_giveaway,brasil,brasil,facepalm,brasil,brasil
brasil,jogatina,brasil,brasil,brasil,brasil,formula1,brasil,brasil,investimentos,farialimabets,futebol,shittytattoos,Bioshock,brasil,brasil,formula1,brasil,brasil,StarWars,brasil,brasil,brasil,brasil,brdev
brasil,futebol,brasil,brasil,brasil,brasil,brasil,brasil,brasil,investimentos,farialimabets,futebol,brasil,botecodoreddit,gafespolitica,DopeBrasil,futebol,brasil,brasil,brasil,brasil,PORTUGALCARALHO,maybemaybemaybe,brasil,brasil
filmeseseries,brasil,brasil,brasil,brasil,brasil,brasil,brasil,brasil,brasil,farialimabets,futebol,Maromba,Epiphone,PergunteReddit,DopeBrasil,futebol,brasil,brasil,FicouGratis,brasil,brasil,maybemaybemaybe,brasil,brasil
filmeseseries,futebol,brasil,brasil,brasil,brasil,brasil,brasil,brasil,brasil,farialimabets,futebol,descealetrashow,Minecraft,PergunteReddit,DopeBrasil,futebol,brasil,brasil,FicouGratis,brasil,brasil,aww,brasil,brasil
Gatos,brasil,brasil,brasil,brasil,brasil,brasil,gamesEcultura,brasil,investimentos,farialimabets,futebol,brasil,Epiphone,sexualidade,SantaCatarina,futebol,brasil,tiodopave,FicouGratis,brasil,PORTUGALCARALHO,brasil,brasil,brasil
brasil,antitrampo,botecodoreddit,brasil,brasil,brasil,FUCKFACEPOD,gamesEcultura,brasil,brasil,ShitpostBR,futebol,brasil,ESTILOZAP,relacionamentos,TDAH_Brasil,futebol,brasil,brasil,RandomActsOfGaming,brasil,therewasanattempt,brasil,brasil,TheDeprogram
filmeseseries,brasil,botecodoreddit,brasil,brasil,brasil,brasil,brasil,brasil,brasil,farialimabets,futebol,brasil,Epiphone,brasil,farialimabets,brasil,brasil,brasil,brasil,brasil,brasil,brasil,brasil,BrasildoB
desabafos,brasil,botecodoreddit,brasil,brasil,brasil,brasil,brasil,brasil,investimentos,gamesEcultura,futebol,brasil,Epiphone,brasil,eu_nvr,brasil,brasil,AgiotasClub,brasil,brasil,brasil,farialimabets,brasil,BrasildoB
brasil,brasil,brasil,brasil,brasil,brasil,brasil,brasil,brasil,skyrimmods,farialimabets,futebol,brasil,Epiphone,gafespolitica,eu_nvr,brasil,brasil,brasil,brasil,brasil,brasil,brasil,brasil,BrasildoB
brasil,brasil,brasil,Damnthatsinteresting,BrasildoB,brasil,brasil,Woodszin,brasil,brasil,SemContexto,futebol,brasil,Epiphone,relacionamentos,brasil,brasil,BrasildoB,brasil,brasil,brasil,u_tiagolkar,brasil,brasil,TheDeprogram
filmeseseries,brasil,guitarpedals,brasil,brasil,brasil,futebol,brasil,brasil,skyrimmods,brasil,gororoba,asklatinamerica,brasil,relacionamentos,Cultivonha,brasil,brasil,brasil,brasil,brasil,futebol,brasil,brasil,brasil
brasil,brasil,brasil,brasil,brasil,brasil,futebol,conversas,brasil,investimentos,Filosofia,futebol,brasil,ConselhosLegais,relacionamentos,brasil,brasil,brasil,brasil,brasil,brasil,Gambiarra,brasil,brasil,brasil
brasil,brasil,DiWHY,harrypotter,brasil,brasil,futebol,japan_insoul,brasil,sexualidade,Filosofia,futebol,brasil,saopaulo,relacionamentos,brasil,brasil,brasil,AfterEffects,FicouGratis,brasil,Gambiarra,brasil,brasil,redscarepod
brasil,brasil,brasil,MadeMeSmile,brasil,brasil,brasil,concursospublicos,brasil,sexualidade,Filosofia,brasil,brasil,desabafos,brasil,brasil,brasil,BrasildoB,brasil,RandomActsOfGaming,brasil,brasil,brasil,brasil,brasil
OldSchoolCool,brasil,brasil,brasil,brasil,brasil,brasil,antitrampo,brasil,investimentos,gamesEcultura,brasil,brasil,desabafos,RelatosDoReddit,brasil,brasil,BrasildoB,ShitpostBR,FicouGratis,brasil,u_tiagolkar,brasil,brasil,brasil
brasil,brasil,brasil,harrypotter,BrasildoB,brasil,brasil,farialimabets,brasil,farialimabets,brasil,brasil,flatearth,ateismo_br,brasil,eu_nvr,brasil,brasil,tiodopave,FicouGratis,brasil,u_tiagolkar,brasil,brasil,brasil
brasil,brasil,brasil,brasil,BrasildoB,brasil,brasil,brasil,brasil,skyrimmods,brasil,brasil,flatearth,ateismo_br,brasil,brasil,brasil,brasil,brasil,brasil,brasil,Dinosaurs,farialimabets,brasil,stupidpol
filmeseseries,brasil,botecodoreddit,brasil,brasil,BeAmazed,tearsofthekingdom,brasil,brasil,sexualidade,gamesEcultura,brasil,brasil,brasil,RelatosDoReddit,brasil,brasil,Twitter_Brasil,brasil,TheSimpsons,brasil,brasil,farialimabets,brasil,brasil
filmeseseries,brasil,brasil,brasil,brasil,brasil,brasil,brasil,brasil,skyrimmods,gamesEcultura,brasil,brasil,brasil,brasil,brasil,brasil,brasil,brasil,PS3,brasil,brasil,brasil,brasil,brasil
filmeseseries,brasil,brasil,brasil,brasil,brasil,brasil,Natal,brasil,sexualidade,gamesEcultura,brasil,Maromba,brasil,brasil,ateismo_br,brasil,u_notimano,brasil,brasil,brasil,brasil,cursedcomments,brasil,TheDeprogram
brasil,brasil,TOTK,brasil,brasil,brasil,brasil,brasil,worldnews,sexualidade,brasil,brasil,Maromba,brasil,brasil,brasil,brasil,brasil,DiWHY,brasil,brasil,Gambiarra,DirtySionMains,brasil,brasil
brasil,brasil,botecodoreddit,brasil,brasil,brasil,brasil,RelatosDoReddit,brasil,sexualidade,gamesEcultura,brasil,brasil,brasil,brasil,brasil,brasil,brasil,brasil,PS3,brasil,SipsTea,PORTUGALCARALHO,brasil,brasil
brasil,brasil,brasil,Showerthoughts,BrasildoB,brasil,brasil,enem,brasil,brasil,gamesEcultura,brasil,brasil,brasil,brasil,brasil,brasil,brasil,brasil,TheSimpsons,brasil,brasil,DirtySionMains,brasil,brasil
brasil,brasil,botecodoreddit,brasil,brasil,brasil,brasil,brasil,worldnews,ConselhosLegais,gamesEcultura,brasil,brasil,brasil,brasil,brasil,PergunteReddit,BrasildoB,brasil,OldSchoolCool,brasil,brasil,farialimabets,brasil,TheDeprogram
brasil,brasil,brasil,brasil,BrasildoB,brasil,brasil,brasil,brasil,ConselhosLegais,gamesEcultura,brasil,descealetrashow,brasil,brasil,brasil,bisexual,brasil,brasil,brasil,brasil,brasil,DirtySionMains,brasil,VaushV
brasil,brasil,botecodoreddit,harrypotter,brasil,brasil,tearsofthekingdom,brasil,brasil,farialimabets,jovemnerd,brasil,BrasildoB,brasil,brasil,brasil,PergunteReddit,brasil,brasil,SegaSaturn,brasil,brasil,brasil,brasil,brasil
brasil,brasil,botecodoreddit,brasil,brasil,brasil,tearsofthekingdom,antitrampo,brasil,sexualidade,brasil,brasil,brasil,brasil,brasil,ateismo_br,brasil,brasil,AfterEffects,OldSchoolCool,brasil,brasil,ADCMains,brasil,brasil
botecodoreddit,brasil,brasil,brasil,brasil,brasil,brasil,gamesEcultura,HistoryMemes,ConselhosLegais,brasil,brasil,brasil,brasil,brasil,brasil,bisexual,gamesEcultura,AfterEffects,OldSchoolCool,brasil,Gambiarra,ADCMains,brasil,brasil
PergunteReddit,brasil,brasil,brasil,brasil,brasil,tearsofthekingdom,gamesEcultura,UFOs,brasil,brasil,brasil,brasil,brasil,gafespolitica,arco_iris,brasil,brasil,brasil,entertainment,brasil,brasil,azirmains,brasil,brasil
botecodoreddit,antitrampo,saopaulo,thelastofus,brasil,brasil,tearsofthekingdom,Maromba,worldnews,sexualidade,brasil,brasil,brasil,brasil,RelatosDoReddit,Twitter_Brasil,AskReddit,brasil,brasil,OldSchoolCool,brasil,Manaus,azirmains,brasil,brasil
brasil,brasil,brasil,Unexpected,brasil,brasil,tearsofthekingdom,BrasildoB,brasil,sexualidade,gamesEcultura,brasil,flatearth,brasil,brasil,Twitter_Brasil,brasil,brasil,brasil,brasil,brasil,Manaus,farialimabets,brasil,brasil
filmeseseries,brasil,brasil,brasil,brasil,brasil,tearsofthekingdom,brasil,brasil,eu_nvr,brasil,brasil,flatearth,brasil,RelatosDoReddit,brasil,brasil,brasil,brasil,brasil,brasil,Manaus,ADCMains,brasil,TheDeprogram
brasil,futebol,brasil,brasil,brasil,brasil,tearsofthekingdom,brasil,HistoryMemes,sexualidade,brasil,brasil,vegancirclejerk,brasil,pisca,brasil,PergunteReddit,brasil,brasil,steam_giveaway,brasil,Manaus,DirtySionMains,brasil,TheDeprogram
brasil,brasil,brasil,brasil,brasil,brasil,tearsofthekingdom,brasil,HistoryMemes,brasil,brasil,brasil,porramauricio,brasil,RelatosDoReddit,brasil,brasil,brasil,brasil,brasil,brasil,Manaus,brasil,brasil,TheDeprogram
brasil,brasil,brasil,brasil,brasil,starcraft,tearsofthekingdom,conversas,ProgrammerHumor,BeloHorizonte,gamesEcultura,brasil,MapPorn,brasil,antitrampo,MeJulgue,PergunteReddit,brasil,dragonquest,TheSimpsons,brasil,Manaus,brasil,brasil,TheDeprogram
brasil,futebol,brasil,brasil,brasil,brasil,tearsofthekingdom,jovemnerd,HistoryMemes,sexualidade,brasil,brasil,brasil,brasil,antitrampo,DopeBrasil,PergunteReddit,BrasildoB,brasil,brasil,brasil,Manaus,brasil,brasil,VaushV
brasil,brasil,saopaulo,brasil,brasil,starcraft,tearsofthekingdom,brasil,HistoryMemes,sexualidade,brasil,brasil,LeavingNeverlandHBO,brasil,antitrampo,ateismo_br,formula1,BrasildoB,ShitpostBR,F1Game,brasil,Manaus,azirmains,brasil,brasil
brasil,botecodoreddit,saopaulo,brasil,brasil,brasil,tearsofthekingdom,brasil,brasil,skyrimmods,gamesEcultura,brasil,brasil,brasil,antitrampo,DrogasBrasil,brasil,brasil,brasil,wholesomememes,brasil,Manaus,farialimabets,brasil,brasil
brasil,Engenharia,brasil,brasil,brasil,brasil,tearsofthekingdom,farialimabets,brasil,brasil,brasil,brasil,asklatinamerica,brasil,EuSouOBabaca,brasil,brasil,PergunteReddit,brasil,PS3,brasil,Manaus,farialimabets,brasil,brasil
brasil,antitrampo,brasil,brasil,brasil,brasil,tearsofthekingdom,conversas,brasil,skyrimmods,brasil,brasil,brasil,brasil,gafespolitica,brasil,brasil,brasil,Brawlstars,steam_giveaway,brasil,Manaus,azirmains,brasil,brasil
brasil,brasil,brasil,brasil,BrasildoB,wholesomememes,tearsofthekingdom,brasil,brasil,brasil,brasil,brasil,LeavingNeverlandHBO,brasil,BrasildoB,brasil,brasil,PergunteReddit,brasil,OldSchoolCool,brasil,Manaus,PORTUGALCARALHO,brasil,brasil
brasil,brasil,saopaulo,brasil,brasil,brasil,tearsofthekingdom,brasil,brasil,brasil,brasil,brasil,asklatinamerica,brasil,brasil,brasil,sexualidade,brasil,brasil,brasil,brasil,Manaus,DirtySionMains,brasil,AmericaBad
brasil,brasil,brasil,brasil,BrasildoB,brasil,tearsofthekingdom,brasil,brasil,BeloHorizonte,brasil,brasil,TheDeprogram,brasil,gafespolitica,brasil,sexualidade,brasil,brasil,BillBurr,brasil,brasil,leagueoflegends,brasil,brasil
brasil,gamesEcultura,brasil,brasil,brasil,brasil,tearsofthekingdom,jovemnerd,brasil,ConselhosLegais,brasil,brasil,LeavingNeverlandHBO,brasil,brasil,brasil,brasil,brasil,brasil,BillBurr,brasil,ConselhosLegais,leagueoflegends,brasil,brasil
brasil,jovemnerd,brasil,brasil,brasil,brasil,FUCKFACEPOD,jovemnerd,brasil,sexualidade,brasil,brasil,2latinoforyou,brasil,botecodoreddit,brasil,sexualidade,brasil,Brawlstars,steam_giveaway,brasil,todayilearned,leagueoflegends,brasil,TheDeprogram
brasil,brasil,botecodoreddit,brasil,BrasildoB,brasil,FUCKFACEPOD,brasil,botecodoreddit,brasil,gamesEcultura,brasil,LeavingNeverlandHBO,brasil,botecodoreddit,brasil,brasil,brasil,brasil,brasil,brasil,interestingasfuck,leagueoflegends,brasil,brasil
brasil,brasil,brasil,brasil,brasil,starcraft,brasil,brasil,me_irl,skyrimmods,brasil,brasil,LeavingNeverlandHBO,brasil,brasil,brasil,brasil,brasil,brasil,RandomActsOfGaming,brasil,brasil,leagueoflegends,brasil,direito
brasil,antitrampo,saopaulo,brasil,BrasildoB,brasil,brasil,brasil,botecodoreddit,skyrimmods,brasil,brasil,LeavingNeverlandHBO,brasil,botecodoreddit,brasil,sexualidade,BrasildoB,brasil,RandomActsOfGaming,brasil,brasil,leagueoflegends,brasil,brasil
brasil,brasil,saopaulo,brasil,brasil,brasil,brasil,brasil,botecodoreddit,skyrimmods,LegendsOfRuneterra,brasil,2latinoforyou,brasil,brasil,ateismo_br,brasil,brasil,brasil,RandomActsOfGaming,brasil,PizzaCrimes,leagueoflegends,brasil,brasil
brasil,animebrasil,saopaulo,brasil,brasil,brasil,brasil,Twitter_Brasil,tinnitusresearch,sexualidade,brasil,brasil,yerbamate,brasil,botecodoreddit,eu_nvr,sexualidade,brasil,brasil,brasil,brasil,brasil,leagueoflegends,brasil,brasil
brasil,brasil,brasil,brasil,brasil,brasil,brasil,ESTILOZAP,brasil,skyrimmods,gamesEcultura,brasil,Sims4,brasil,pisca,filmeseseries,brasil,brasil,guessmyage,steam_giveaway,brasil,brasil,azirmains,brasil,brasil
brasil,brasil,brasil,brasil,brasil,brasil,brasil,RelatosDoReddit,brasil,BeloHorizonte,gamesEcultura,brasil,LeavingNeverlandHBO,brasil,brasil,eu_nvr,sexualidade,brasil,brasil,blackcats,brasil,brasil,leagueoflegends,brasil,brasil
brasil,eu_nvr,brasil,harrypotter,BrasildoB,brasil,brasil,RelatosDoReddit,brasil,brasil,gamesEcultura,brasil,yerbamate,brasil,brasil,eu_nvr,PergunteReddit,BrasildoB,brasil,brasil,brasil,brasil,azirmains,brasil,brasil
botecodoreddit,filmeseseries,saopaulo,brasil,BrasildoB,brasil,brasil,conversas,brasil,direito,gamesEcultura,brasil,brasil,brasil,botecodoreddit,ateismo_br,PergunteReddit,brasil,brasil,brasil,botecodoreddit,brasil,azirmains,brasil,brasil
brasil,botecodoreddit,saopaulo,brasil,brasil,brasil,brasil,RelatosDoReddit,brasil,sexualidade,gamesEcultura,brasil,saopaulo,brasil,brasil,ateismo_br,PergunteReddit,brasil,brasil,brasil,brasil,brasil,azirmains,brasil,brasil
brasil,brasil,brasil,brasil,brasil,brasil,brasil,brasil,brasil,sexualidade,gamesEcultura,brasil,BrasildoB,brasil,botecodoreddit,brasil,imaginedragons,brasil,brasil,antitrampo,brasil,PublicFreakout,brasil,brasil,brasil
brasil,brasil,brasil,brasil,BrasildoB,brasil,tearsofthekingdom,farialimabets,brasil,brasil,gamesEcultura,brasil,brasil,brasil,botecodoreddit,brasil,imaginedragons,brasil,brasil,StarWars,brasil,u_tiagolkar,brasil,brasil,brasil
brasil,antitrampo,brasil,brasil,brasil,brasil,tearsofthekingdom,brasil,brasil,brasil,gamesEcultura,brasil,brasil,brasil,botecodoreddit,ShitpostBR,brasil,brasil,brasil,F1Game,brasil,Gambiarra,DirtySionMains,brasil,redscarepod
brasil,brasil,botecodoreddit,brasil,brasil,brasil,tearsofthekingdom,brasil,brasil,farialimabets,gamesEcultura,brasil,brasil,brasil,brasil,brasil,brasil,brasil,brasil,brasil,brasil,brasil,DirtySionMains,brasil,stupidpol
PergunteReddit,brasil,brasil,brasil,brasil,brasil,tearsofthekingdom,jovemnerd,brasil,jovemnerd,gamesEcultura,brasil,brasil,brasil,brasil,brasil,brasil,brasil,brasil,brasil,brasil,golpe,leagueoflegends,brasil,brasil
brasil,brasil,brasil,brasil,brasil,brasil,tearsofthekingdom,brasil,brasil,brasil,gamesEcultura,brasil,brasil,brasil,botecodoreddit,brasil,brasil,brasil,brasil,wholesomememes,brasil,brasil,leagueoflegends,brasil,redscarepod
botecodoreddit,brasil,saopaulo,brasil,brasil,brasil,tearsofthekingdom,conversas,Blasphemous,farialimabets,brasil,brasil,brasil,brasil,brasil,brasil,brasil,brasil,brasil,wholesomememes,brasil,brasil,farialimabets,brasil,europe
brasil,futebol,saopaulo,brasil,brasil,brasil,tearsofthekingdom,filmeseseries,Blasphemous,brasil,brasil,brasil,brasil,brasil,botecodoreddit,brasil,brasil,brasil,brasil,StarWars,brasil,golpe,farialimabets,brasil,brasil
brasil,brasil,japan,brasil,BrasildoB,brasil,zelda,filmes,Blasphemous,investimentos,brasil,brasil,brasil,brasil,brasil,brasil,F1Brasil,brasil,ShitpostBR,Gatos,brasil,brasil,farialimabets,brasil,brasil
brasil,Engenharia,botecodoreddit,brasil,brasil,brasil,tearsofthekingdom,filmes,brasil,BeloHorizonte,brasil,brasil,brasil,brasil,brasil,DrogasBrasil,F1Brasil,brasil,brasil,brasil,brasil,brasil,farialimabets,brasil,brasil
filmeseseries,brasil,brasil,brasil,brasil,brasil,gaming,filmeseseries,brasil,BeloHorizonte,brasil,brasil,Maromba,brasil,botecodoreddit,farialimabets,F1Brasil,BrasildoB,brasil,brasil,brasil,brasil,azirmains,brasil,brasil
brasil,brasil,brasil,brasil,BrasildoB,brasil,gaming,brasil,shittymoviedetails,BeloHorizonte,brasil,brasil,Maromba,brasil,brasil,ateismo_br,jovemnerd,brasil,DiWHY,PS3,brasil,MemeVideos,leagueoflegends,brasil,brasil
brasil,animebrasil,saopaulo,brasil,BrasildoB,CharacterAI,gaming,brasil,brasil,jovemnerd,brasil,brasil,brasil,brasil,brasil,eu_nvr,PergunteReddit,brasil,brasil,brasil,brasil,brasil,DirtySionMains,brasil,brasil
filmeseseries,futebol,cacofatos,brasil,BrasildoB,brasil,gaming,BrasildoB,tinnitusresearch,direito,brasil,brasil,brasil,brasil,botecodoreddit,eu_nvr,brasil,brasil,brasil,brasil,brasil,brasil,leagueoflegends,brasil,brasil
brasil,brasil,botecodoreddit,brasil,BrasildoB,toptalent,gaming,brasil,tinnitusresearch,direito,brasil,brasil,brasil,brasil,brasil,brasil,brasil,brasil,AndroidGaming,FicouGratis,brasil,futebol,azirmains,brasil,redscarepod
filmeseseries,futebol,saopaulo,brasil,BrasildoB,toptalent,tearsofthekingdom,Brazil,brasil,direito,brasil,brasil,brasil,brasil,botecodoreddit,eu_nvr,brasil,brasil,brasil,FicouGratis,brasil,Manaus,leagueoflegends,brasil,brasil
brasil,brasil,botecodoreddit,brasil,brasil,toptalent,DunderMifflin,RelatosDoReddit,brasil,brasil,brasil,brasil,brasil,brasil,gafespolitica,eu_nvr,brasil,brasil,brasil,steam_giveaway,brasil,Manaus,azirmains,brasil,brasil
brasil,brasil,brasil,brasil,brasil,brasil,tearsofthekingdom,brasil,brasil,brasil,brasil,brasil,brasil,brasil,gafespolitica,brasil,brasil,brasil,AfterEffects,PS3,brasil,Manaus,azirmains,brasil,brasil
brasil,futebol,botecodoreddit,brasil,brasil,brasil,brasil,brasil,TerrifyingAsFuck,brasil,brasil,brasil,brasil,brasil,gafespolitica,brasil,brasil,brasil,brasil,brasil,brasil,brasil,leagueoflegends,brasil,brasil
brasil,futebol,brasil,brasil,BrasildoB,CharacterAI,NintendoSwitch,MeJulgue,brasil,brasil,brasil,brasil,brasil,brasil,botecodoreddit,brasil,futebol,brasil,brasil,brasil,brasil,Manaus,azirmains,brasil,brasil
brasil,antitrampo,brasil,Showerthoughts,brasil,brasil,tearsofthekingdom,masseffect,brasil,sexualidade,brasil,brasil,brasil,brasil,botecodoreddit,brasil,futebol,brasil,brasil,TheSimpsons,brasil,Manaus,leagueoflegends,brasil,brasil
brasil,brasil,saopaulo,viniccius13,brasil,brasil,zelda,brasil,brasil,BeloHorizonte,brasil,brasil,brasil,brasil,ShitpostBR,DrogasBrasil,futebol,brasil,brasil,TheSimpsons,brasil,Manaus,leagueoflegends,brasil,brasil
brasil,brasil,brasil,brasil,brasil,brasil,tearsofthekingdom,brasil,news,sexualidade,brasil,brasil,brasil,brasil,pisca,brasil,jovemnerd,Livros,brasil,TheSimpsons,brasil,Manaus,RyzeMains,brasil,TheRightCantMeme
brasil,futebol,brasil,brasil,brasil,brasil,tearsofthekingdom,conversas,NonCredibleDefense,sexualidade,brasil,brasil,brasil,brasil,pisca,brasil,jovemnerd,brasil,brasil,brasil,brasil,Manaus,VampireSurvivors,brasil,brasil
brasil,futebol,brasil,harrypotter,brasil,brasil,tearsofthekingdom,brasil,brasil,brasil,eu_nvr,brasil,brasil,brasil,pisca,DrogasBrasil,jovemnerd,BrasildoB,brasil,brasil,brasil,Manaus,leagueoflegends,brasil,brasil
brasil,brasil,brasil,brasil,BrasildoB,brasil,television,brasil,ProgrammerHumor,jovemnerd,brasil,brasil,DoglaREDDIT,brasil,pisca,DrogasBrasil,jovemnerd,BrasildoB,ShitpostBR,brasil,brasil,Manaus,RyzeMains,brasil,politics
brasil,futebol,saopaulo,brasil,brasil,brasil,brasil,brasil,brasil,jovemnerd,eu_nvr,brasil,LeavingNeverlandHBO,brasil,pisca,DrogasBrasil,jovemnerd,brasil,brasil,brasil,brasil,Manaus,brasil,WWEGames,brasil
brasil,futebol,brasil,harrypotter,brasil,CharacterAI,brasil,brasil,brasil,sexualidade,Oxygennotincluded,brasil,2latinoforyou,brasil,pisca,Twitter_Brasil,brasil,brasil,ShitpostBR,brasil,brasil,Manaus,brasil,brasil,brasil
brasil,futebol,brasil,brasil,brasil,CharacterAI,Breath_of_the_Wild,brasil,Save3rdPartyApps,brasil,eu_nvr,brasil,brasil,brasil,pisca,Twitter_Brasil,jovemnerd,brasil,brasil,brasil,brasil,Manaus,PORTUGALCARALHO,WWEGames,brasil
brasil,brasil,brasil,brasil,brasil,brasil,brasil,brasil,brasil,farialimabets,brasil,brasil,Marxism_Memes,brasil,brasil,MeJulgue,futebol,brasil,ShitpostBR,brasil,brasil,Manaus,brasil,brasil,brasil
brasil,antitrampo,brasil,brasil,brasil,brasil,brasil,brasilivre,BoostForReddit,sexualidade,brasil,brasil,NewsWithJingjing,brasil,pisca,MeJulgue,jovemnerd,brasil,brasil,brasil,brasil,u_tiagolkar,PORTUGALCARALHO,WWEGames,brasil
brasil,futebol,pics,harrypotter,brasil,brasil,NintendoSwitch,brasil,brasil,brasil,brasil,brasil,asklatinamerica,brasil,pisca,ShitpostBR,SaoPauloFC,brasil,brasil,brasil,brasil,brasil,brasil,WWEGames,brasil
brasil,brasil,botecodoreddit,brasil,BrasildoB,brasil,NintendoSwitch,brasil,brasil,sexualidade,eu_nvr,brasil,Maromba,brasil,botecodoreddit,DrogasBrasil,brasil,brasil,brasil,brasil,brasil,brasil,brasil,WWEGames,brasil
brasil,Engenharia,brasil,brasil,BrasildoB,brasil,brasil,conversas,BoostForReddit,sexualidade,brasil,brasil,Sims4,brasil,relacionamentos,Twitter_Brasil,futebol,brasil,brasil,brasil,brasil,Caes_SOS_Brasil,PORTUGALCARALHO,WWEGames,brasil
filmeseseries,brasil,brasil,brasil,brasil,brasil,futebol,brasil,BoostForReddit,brasil,brasil,brasil,brasil,brasil,gafespolitica,Twitter_Brasil,futebol,brasil,brasil,brasil,brasil,Caes_SOS_Brasil,PORTUGALCARALHO,brasil,brasil
filmeseseries,antitrampo,brasil,brasil,brasil,brasil,brasil,farialimabets,ShitpostBR,brasil,brasil,brasil,Maromba,brasil,gafespolitica,farialimabets,futebol,antitrampo,brasil,brasil,brasil,Caes_SOS_Brasil,PORTUGALCARALHO,brasil,brasil
brasil,brasil,brasil,harrypotter,brasil,dataisbeautiful,brasil,brasil,brasil,farialimabets,brasil,brasil,brasil,brasil,botecodoreddit,brasil,futebol,brasil,brasil,brasil,ContagiousLaughter,Caes_SOS_Brasil,PORTUGALCARALHO,brasil,brasil
brasil,brasil,brasil,harrypotter,brasil,dataisbeautiful,NintendoSwitch,brasil,brasil,sexualidade,brasil,futebol,vegancirclejerk,brasil,brasil,brasil,futebol,BrasildoB,brasil,brasil,brasil,Caes_SOS_Brasil,PORTUGALCARALHO,brasil,brasil
brasil,brasil,brasil,harrypotter,brasil,CharacterAI,tearsofthekingdom,Frostpunk,brasil,brasil,brasil,brasil,TheDeprogram,brasil,relacionamentos,brasil,Breakfast,BrasildoB,wtfstockphotos,brasil,brasil,Caes_SOS_Brasil,PORTUGALCARALHO,brasil,brasil
brasil,brasil,brasil,harrypotter,brasil,CharacterAI,television,brasil,brasil,farialimabets,brasil,brasil,TheDeprogram,brasil,golpe,brasil,futebol,brasil,brasil,antitrampo,brasil,Caes_SOS_Brasil,PORTUGALCARALHO,brasil,redscarepod
brasil,brasil,botecodoreddit,brasil,BrasildoB,CharacterAI,television,brasil,worldnews,sexualidade,brasil,brasil,TheDeprogram,brasil,gafespolitica,brasil,futebol,brasil,brasil,TheSimpsons,brasil,Caes_SOS_Brasil,PORTUGALCARALHO,brasil,Hasan_Piker
brasil,antitrampo,saopaulo,brasil,brasil,CharacterAI,zelda,antitrampo,brasil,brasil,gamesEcultura,futebol,TheDeprogram,brasil,botecodoreddit,DrogasBrasil,futebol,brasil,brasil,entertainment,brasil,Caes_SOS_Brasil,brasil,brasil,VaushV
brasil,brasil,cacofatos,antitrampo,BrasildoB,CharacterAI,brasil,conversas,brasil,sexualidade,brasil,futebol,TheDeprogram,brasil,Salvador,Twitter_Brasil,SaoPauloFC,brasil,propagandasantigas,entertainment,brasil,Caes_SOS_Brasil,PORTUGALCARALHO,brasil,worldnews
brasil,futebol,brasil,brasil,brasil,CharacterAI,roosterteeth,conversas,brasil,sexualidade,brasil,futebol,LeavingNeverlandHBO,brasil,brasil,brazilianmusic,futebol,brasil,brasil,PS3,brasil,Caes_SOS_Brasil,brasil,WWEGames,worldnews
brasil,brasil,brasil,brasil,brasil,CharacterAI,brasil,brasil,brasil,sexualidade,brasil,brasil,LateStageCapitalism,brasil,ESTILOZAP,brasil,arcane,brasil,brasil,brasil,brasil,Caes_SOS_Brasil,azirmains,WWEGames,worldnews
brasil,antitrampo,brasil,harrypotter,brasil,worldnews,zelda,masseffect,brasil,investimentos,brasil,futebol,LateStageCapitalism,brasil,brasil,brasil,futebol,BrasildoB,brasil,TheSimpsons,brasil,Caes_SOS_Brasil,leagueoflegends,PiratedGames,brasil
brasil,antitrampo,brasil,brasil,BrasildoB,worldnews,zelda,masseffect,worldnews,sexualidade,brasil,ufmg,asklatinamerica,brasil,filmeseseries,brasil,futebol,brasil,brasil,brasil,brasil,Caes_SOS_Brasil,brasil,PiratedGames,Hasan_Piker
brasil,brasil,brasil,brasil,brasil,starcraft,zelda,masseffect,brasil,brasil,brasil,futebol,AreTheStraightsOK,brasil,brasil,brasil,futebol,brasil,ShitpostBR,TheSimpsons,brasil,Caes_SOS_Brasil,brasil,PiratedGames,VaushV
brasil,telescope,saopaulo,harrypotter,brasil,starcraft,zelda,brasil,brasil,brasil,brasil,futebol,asklatinamerica,brasil,pisca,brasil,futebol,BrasildoB,ShitpostBR,brasil,brasil,Caes_SOS_Brasil,brasil,PiratedGames,brasil
brasil,telescope,cacofatos,harrypotter,brasil,starcraft,tearsofthekingdom,brasil,brasil,brasil,brasil,futebol,asklatinamerica,brasil,brasil,brasil,futebol,brasil,ShitpostBR,brasil,OMaiorBrasileiro,brasil,brasil,brasil,brasil
brasil,brasil,saopaulo,todayilearned,brasil,starcraft,tearsofthekingdom,masseffect,brasil,sexualidade,brasil,futebol,saopaulo,brasil,brasil,brasil,futebol,brasil,ShitpostBR,brasil,brasil,brasil,brasil,brasil,brasil
brasil,brasil,brasil,brasil,brasil,MapPorn,tearsofthekingdom,brasil,brasil,eu_nvr,gamesEcultura,futebol,NotHowGirlsWork,brasil,brasil,DrogasBrasil,futebol,brasil,ShitpostBR,brasil,desabafos,palmeiras,brasil,brasil,brasil
brasil,antitrampo,cacofatos,brasil,BrasildoB,starcraft,zelda,brasil,brasil,sexualidade,brasil,futebol,2latinoforyou,brasil,brasil,filmeseseries,futebol,brasil,brasil,steam_giveaway,brasil,brasil,meirl,brasil,brasil
brasil,telescope,brasil,antitrampo,brasil,starcraft,tearsofthekingdom,brasil,brasil,sexualidade,jovemnerd,futebol,Portuguese,brasil,brasil,filmeseseries,futebol,brasil,brasil,pics,brasil,Manaus,brasil,brasil,brasil
filmeseseries,brasil,brasil,harrypotter,brasil,starcraft,tearsofthekingdom,brasil,brasil,sexualidade,brasil,futebol,antitrampo,brasil,brasil,filmeseseries,futebol,brasil,tiodopave,pics,desabafos,brasil,brasil,brasil,brasil
brasil,telescope,brasil,brasil,brasil,politics,tearsofthekingdom,brasil,ProgrammerHumor,sexualidade,brasil,futebol,USdefaultism,brasil,botecodoreddit,brasil,futebol,brasil,brasil,PS3,brasil,ConselhosLegais,brasil,brasil,brasil
brasil,LinkedInLunatics,funny,harrypotter,brasil,politics,tearsofthekingdom,brasil,ProgrammerHumor,ConselhosLegais,brasil,futebol,asklatamcirclejerk,brasil,descealetrashow,brasil,futebol,brasil,brasil,PS3,desabafos,brasil,meirl,brasil,brasil
brasil,botecodoreddit,funny,harrypotter,brasil,itookapicture,tearsofthekingdom,brasil,ProgrammerHumor,BeloHorizonte,brasil,futebol,botw,brasil,brasil,brasil,futebol,brasil,brasil,brasil,brasil,brasil,brasil,brasil,brasil
botecodoreddit,botecodoreddit,brasil,brasil,brasil,dalle2,tearsofthekingdom,brasil,EnquetesBrasil,investimentos,brasil,brasil,brasil,brasil,brasil,brasil,futebol,brasil,brasil,brasil,brasil,Manaus,brasil,brasil,brasil
filmeseseries,futebol,brasil,brasil,BrasildoB,starcraft,tearsofthekingdom,brasil,brasil,BeloHorizonte,brasil,futebol,brasil,brasil,brasil,brasil,futebol,brasil,brasil,FicouGratis,brasil,palmeiras,gaming,brasil,brasil
brasil,gamesEcultura,japan,Damnthatsinteresting,brasil,starcraft,tearsofthekingdom,brasil,gaming,brasil,brasil,futebol,asklatinamerica,brasil,brasil,ShitpostBR,futebol,brasil,brasil,gaming,brasil,Gambiarra,brasil,brasil,BrasildoB
brasil,futebol,brasil,brasil,brasil,starcraft,tearsofthekingdom,brasil,brasil,brasil,brasil,programacao,2latinoforyou,brasil,brasil,eu_nvr,futebol,brasil,brasil,TheSimpsons,brasil,palmeiras,PeopleFuckingDying,brasil,brasil
brasil,Engenharia,brasil,harrypotter,brasil,starcraft,tearsofthekingdom,brasil,brasil,farialimabets,brasil,programacao,2latinoforyou,brasil,brasil,DopeBrasil,brasil,brasil,brasil,PS3,brasil,brasil,PeopleFuckingDying,brasil,brasil
brasil,futebol,brasil,brasil,brasil,dalle2,tearsofthekingdom,brasil,news,sexualidade,brasil,programacao,brasil,brasil,gafespolitica,eu_nvr,brasil,brasil,golpe,PS3,brasil,ConselhosLegais,brasil,brasil,brasil
brasil,estudosBR,brasil,brasil,brasil,dalle2,tearsofthekingdom,brasil,PoliticalHumor,brasil,brasil,EuSouOBabaca,brasil,brasil,brasil,Twitter_Brasil,brasil,brasil,brasil,brasil,brasil,futebol,leagueoflegends,brasil,brasil
filmeseseries,brasil,brasil,brasil,brasil,dalle2,tearsofthekingdom,brasil,PoliticalHumor,eu_nvr,brasil,brdev,NewsWithJingjing,brasil,botecodoreddit,brasil,brasil,brasil,brasil,brasil,brasil,brasil,brasil,brasil,brasil
filmeseseries,brasil,brasil,brasil,brasil,dalle2,tearsofthekingdom,brasil,brasil,farialimabets,brasil,brdev,Maromba,brasil,brasil,brasil,brasil,brasil,brasil,brasil,brasil,futebol,facepalm,brasil,brasil
filmeseseries,estudosBR,brasil,brasil,brasil,dalle2,tearsofthekingdom,brasil,brasil,farialimabets,brasil,riodejaneiro,antitrampo,brasil,jovemnerd,eu_nvr,brasil,brasil,brasil,brasil,brasil,Manaus,brasil,brasil,brasil
brasil,brasil,retrogaming,Unexpected,brasil,dalle2,tearsofthekingdom,brasil,brasil,brasil,brasil,brdev,Maromba,brasil,Livros,andreyoung,brasil,brasil,brasil,StarWars,brasil,Manaus,brasil,brasil,redscarepod
brasil,brasil,brasil,brasil,brasil,MadeMeSmile,tearsofthekingdom,brasil,brasil,brasil,brasil,futebol,brasil,brasil,botecodoreddit,andreyoung,jovemnerd,brasil,brasil,brasil,brasil,Manaus,brasil,brasil,brasil
brasil,botecodoreddit,brasil,brasil,brasil,brasil,tearsofthekingdom,brasil,brasil,brasil,brasil,futebol,brasil,brasil,gafespolitica,MeJulgue,brasil,brasil,brasil,PS3,brasil,Manaus,DirtySionMains,brasil,brasil
brasil,botecodoreddit,funny,brasil,brasil,brasil,tearsofthekingdom,brasil,SubredditDrama,brasil,gamesEcultura,Futebola,brasil,brasil,gafespolitica,MeJulgue,jovemnerd,brasil,brasil,brasil,brasil,Manaus,farialimabets,brasil,brasil
brasil,brasil,saopaulo,brasil,BrasildoB,brasil,zelda,conversas,brasil,brasil,brasil,Futebola,brasil,brasil,gafespolitica,eu_nvr,futebol,brasil,brasil,brasil,brasil,Manaus,brasil,ParsecGaming,brasil
brasil,futebol,saopaulo,brasil,brasil,brasil,boxoffice,brasil,brasil,investimentos,brasil,palmeiras,brasil,brasil,relacionamentos,brasil,futebol,brasil,brasil,steam_giveaway,brasil,Manaus,gaming,brasil,brasil
brasil,gamesEcultura,saopaulo,brasil,brasil,starcraft,boxoffice,brasil,brasil,investimentos,brasil,futebol,LateStageCapitalism,brasil,gafespolitica,Twitter_Brasil,futebol,BrasildoB,ShitpostBR,brasil,brasil,Manaus,brasil,brasil,brasil
brasil,antitrampo,brasil,brasil,brasil,starcraft,tearsofthekingdom,antitrampo,brasil,investimentos,brasil,futebol,Maromba,brasil,brasil,Twitter_Brasil,futebol,brasil,brasil,brasil,brasil,Manaus,farialimabets,brasil,brasil
brasil,gamesEcultura,brasil,brasil,brasil,starcraft,tearsofthekingdom,brasil,brasil,investimentos,brasil,futebol,NotHowGirlsWork,brasil,filmeseseries,eu_nvr,futebol,brasil,ShitpostBR,AskReddit,aww,brasil,facepalm,brasil,brasil
brasil,gamesEcultura,brasil,brasil,brasil,starcraft,tearsofthekingdom,conversas,news,investimentos,brasil,futebol,LateStageCapitalism,brasil,ESTILOZAP,ateismo_br,futebol,brasil,brasil,AskReddit,aww,PeterExplainsTheJoke,brasil,brasil,brasil
brasil,gamesEcultura,brasil,brasil,brasil,starcraft,tearsofthekingdom,antitrampo,ProgrammerHumor,brasil,brasil,futebol,antitrampo,brasil,desabafos,ateismo_br,futebol,brasil,brasil,steam_giveaway,aww,TerrifyingAsFuck,brasil,brasil,brasil
