uziel7,BRTheDuality,pete4180,ILoveLeague,greyoil,BrunoofBrazil,StarkillerSneed,Hedupigosso,Southern_Copy_4128,EmploymentNo3326,Di62028,OutrageousAd7829,wiktor_janzen,weirnd201,evil-operationz,LelesTech,Andre_BR1,Ok-Attempt-2854,Carlospelegriniyt,Legitimate-Mud-60,Puzzleheaded-Let-918,FirstFoulTarnished,Juguim,Jumpfreeskate
brasilivre,brasilivre,brasilivre,brasil,brasilivre,LockdownSkepticism,IAmTheMainCharacter,brasilivre,brasilivre,brasilivre,ufmg,brasilivre,futebol,brasilivre,brasilivre,ConselhosLegais,SWORDS,filmes,teenagers,brasilivre,sexualidade,brasilivre,brasilivre,brasilivre
brasilivre,brasilivre,brasilivre,brasil,brasilivre,LockdownSkepticism,rareinsults,brasilivre,brasilivre,brasilivre,ufmg,brasilivre,brasilivre,brasilivre,brasilivre,brasilivre,brasilivre,filmeseseries,brasilivre,brasilivre,futebol,brasilivre,brasilivre,brasilivre
brasilivre,brasilivre,brasilivre,brasilivre,futebol,LockdownSkepticism,vexillologycirclejerk,brasilivre,brasilivre,brasilivre,ufmg,brasilivre,brasilivre,brasilivre,brasilivre,brasilivre,brasilivre,brasilivre,brasilivre,brasilivre,brasilivre,brasilivre,brasilivre,brasilivre
brasilivre,brasilivre,brasilivre,brasilivre,brasilivre,LockdownSkepticism,starwarsmemes,pisca,brasilivre,brasilivre,carros,brasilivre,Anarcho_Capitalism,brasilivre,brasilivre,farialimabets,brasilivre,farialimabets,brasilivre,brasilivre,brasilivre,brasilivre,brasil,brasilivre
brasilivre,brasilivre,brasilivre,brasilivre,brasilivre,brasilivre,brasilivre,brasilivre,brasilivre,brasilivre,desabafos,brasilivre,DebateComunismo,brasilivre,brasilivre,brasilivre,portoalegre,ShitpostBR,brasilivre,brasilivre,formula1,brasilivre,brasilivre,brasilivre
brasilivre,brasilivre,brasilivre,brasilivre,brasilivre,brasilivre,brasilivre,brasilivre,brasilivre,brasilivre,desabafos,brasilivre,DebateComunismo,brasilivre,brasilivre,brasilivre,brasilivre,brasilivre,brasilivre,brasilivre,formula1,brasilivre,brasilivre,brasilivre
brasilivre,brasilivre,brasilivre,brasilivre,brasilivre,brasilivre,brasilivre,brasilivre,brasilivre,brasilivre,desabafos,brasilivre,DebateComunismo,brasilivre,brasilivre,farialimabets,brasilivre,brasilivre,CityPorn,brasilivre,formula1,brasilivre,brasilivre,brasilivre
brasilivre,brasilivre,brasilivre,brasilivre,brasilivre,LockdownSkepticism,Invincible,brasilivre,brasilivre,brasilivre,desabafos,brasilivre,DebateComunismo,brasilivre,brasilivre,farialimabets,Starfield,brasilivre,CityPorn,brasilivre,formula1,brasilivre,brasilivre,brasilivre
brasilivre,brasilivre,brasilivre,brasilivre,futebol,LockdownSkepticism,brasilivre,Gambiarra,brasilivre,brasilivre,carros,brasilivre,DebateComunismo,brasilivre,brasilivre,farialimabets,brasilivre,carros,brasilivre,brasilivre,formula1,brasilivre,infj,brasilivre
brasilivre,brasilivre,brasilivre,brasilivre,futebol,LockdownSkepticism,brasilivre,brasilivre,brasilivre,brasilivre,brasilivre,brasilivre,DebateComunismo,brasilivre,brasilivre,farialimabets,Starfield,brasilivre,brasilivre,brasilivre,formula1,brasilivre,infj,brasilivre
brasilivre,brasilivre,brasilivre,brasilivre,brasilivre,LockdownSkepticism,vexillologycirclejerk,Gambiarra,brasilivre,brasilivre,brasilivre,brasilivre,DebateComunismo,brasilivre,brasilivre,carros,Starfield,brasilivre,WhatsThisSong,brasilivre,formula1,brasilivre,infj,brasilivre
brasilivre,brasilivre,brasilivre,brasilivre,brasilivre,LockdownSkepticism,brasilivre,Gambiarra,brasilivre,brasilivre,farialimabets,brasilivre,eu_nvr,brasilivre,brasilivre,brasilivre,brasilivre,farialimabets,brasilivre,brasilivre,formula1,brasilivre,brasil,brasilivre
brasilivre,brasilivre,brasilivre,brasilivre,futebol,brasilivre,feedthememes,Gambiarra,brasilivre,brasilivre,carros,brasilivre,argentina,brasilivre,brasilivre,brasilivre,Starfield,farialimabets,brasilivre,brasilivre,futebol,brasilivre,brasil,brasilivre
brasilivre,brasilivre,brasilivre,brasilivre,singularity,brasilivre,HeroForgeMinis,Gambiarra,brasilivre,brasilivre,brasilivre,brasilivre,brasilivre,brasilivre,brasilivre,brasilivre,brasilivre,farialimabets,brasilivre,brasilivre,brasilivre,brasilivre,Fortaleza,brasilivre
brasilivre,brasilivre,brasilivre,brasilivre,brasilivre,brasilivre,brasilivre,Gambiarra,brasilivre,brasilivre,farialimabets,brasilivre,brasilivre,brasilivre,brasilivre,brasilivre,brasilivre,farialimabets,brasilivre,brasilivre,brasilivre,brasilivre,Agario,brasilivre
brasilivre,brasilivre,brasilivre,brasilivre,brasilivre,brasilivre,HeroForgeMinis,investimentos,brasilivre,brasilivre,brasilivre,brasilivre,eu_nvr,brasilivre,brasilivre,brasilivre,brasilivre,farialimabets,CityPorn,brasilivre,brasilivre,brasilivre,GMail,brasilivre
brasilivre,brasilivre,brasilivre,brasilivre,futebol,brasilivre,brasilivre,retroid,brasilivre,brasilivre,brasilivre,brasilivre,brasilivre,brasilivre,brasilivre,brasilivre,Brazil,brasilivre,brasilivre,brasilivre,brasilivre,brasilivre,argentina,brasilivre
brasilivre,brasilivre,brasilivre,brasilivre,facepalm,brasilivre,brasilivre,retroid,brasilivre,brasilivre,carros,brasilivre,brasilivre,brasilivre,brasilivre,brasilivre,ARMAS_BR,farialimabets,CityPorn,brasilivre,brasilivre,brasilivre,brasilivre,brasilivre
brasilivre,EscritoresBrasil,brasilivre,brasilivre,facepalm,brasilivre,lolcats,brasilivre,brasilivre,brasilivre,brasilivre,brasilivre,brasilivre,brasilivre,brasilivre,brasilivre,ARMAS_BR,brasilivre,CityPorn,brasilivre,brasilivre,brasilivre,brasilivre,brasilivre
brasilivre,brasilivre,brasilivre,brasilivre,2latinoforyou,brasilivre,feedthememes,brasilivre,brasilivre,brasilivre,brasilivre,brasilivre,brasilivre,brasilivre,brasilivre,brasilivre,ARMAS_BR,brasilivre,brasilivre,brasilivre,brasilivre,brasilivre,Fortaleza,brasilivre
brasilivre,brasilivre,brasilivre,brasilivre,brasilivre,LockdownSkepticism,HistoryMemes,brasilivre,brasilivre,brasilivre,brasilivre,brasilivre,HUEstation,brasilivre,brasilivre,brasilivre,brasilivre,filmes,CityPorn,brasilivre,brasilivre,brasilivre,brasilivre,brasilivre
brasilivre,brasilivre,brasilivre,brasilivre,brasilivre,brasilivre,SequelMemes,brasilivre,brasilivre,brasilivre,computadores,brasilivre,brasilivre,brasilivre,brasilivre,brasilivre,ARMAS_BR,empreendedorismo,CityPorn,brasilivre,brasilivre,brasilivre,brasilivre,brasilivre
brasilivre,brasilivre,brasilivre,brasilivre,futebol,brasilivre,SequelMemes,brasilivre,brasilivre,brasilivre,computadores,TNOmod,Anarcho_Capitalism,brasilivre,brasilivre,brasilivre,ARMAS_BR,filmes,WhatsThisSong,brasilivre,brasilivre,brasilivre,brasilivre,brasilivre
brasilivre,brasilivre,brasilivre,brasilivre,brasilivre,brasilivre,vexillologycirclejerk,brasilivre,brasilivre,brasilivre,carros,brasilivre,brasilivre,brasilivre,brasilivre,carros,brasilivre,filmeseseries,CityPorn,brasilivre,brasilivre,brasilivre,brasilivre,brasilivre
brasilivre,EscritoresBrasil,brasilivre,brasilivre,investimentos,brasilivre,feedthememes,brasilivre,brasilivre,brasilivre,brasilivre,brasilivre,futebol,brasilivre,brasilivre,brasilivre,brasilivre,brasilivre,CityPorn,brasilivre,brasilivre,brasilivre,argentina,brasilivre
brasilivre,EscritoresBrasil,brasilivre,brasilivre,brasilivre,brasilivre,outofcontextcomics,brasilivre,brasilivre,brasilivre,carros,brasilivre,Anarcho_Capitalism,brasilivre,brasilivre,carros,Starfield,brasilivre,CityPorn,brasilivre,brasilivre,brasilivre,argentina,brasilivre
brasilivre,brasilivre,brasilivre,brasilivre,brasilivre,brasilivre,HistoryMemes,brasilivre,brasilivre,brasilivre,brasilivre,brasilivre,HUEstation,brasilivre,brasilivre,carros,brasilivre,CrazyFuckingVideos,CityPorn,brasilivre,brasilivre,brasilivre,argentina,brasilivre
brasilivre,brasilivre,brasilivre,brasilivre,brasilivre,brasilivre,brasilivre,brasilivre,brasilivre,brasilivre,brdev,brasilivre,ShitpostBR,brasilivre,brasilivre,brasilivre,ARMAS_BR,filmes,findthatsong,brasilivre,brasilivre,brasilivre,argentina,brasilivre
brasilivre,brasilivre,brasilivre,brasilivre,pisca,brasilivre,brasilivre,brasilivre,brasilivre,brasilivre,carros,brasilivre,brasilivre,brasilivre,brasilivre,sexualidade,ARMAS_BR,carros,WhatsThisSong,brasilivre,brasilivre,brasilivre,argentina,brasilivre
brasilivre,brasilivre,brasilivre,brasilivre,brasilivre,brasilivre,brasilivre,brasilivre,brasilivre,brasilivre,BeloHorizonte,brasilivre,brasilivre,brasilivre,brasilivre,sexualidade,SiloTVSeries,farialimabets,NameThatSong,brasilivre,brasilivre,brasilivre,argentina,brasilivre
brasilivre,brasilivre,brasilivre,SipsTea,brasilivre,brasilivre,porramauricio,brasilivre,brasilivre,brasilivre,brdev,brasilivre,eu_nvr,brasilivre,brasilivre,brasilivre,brasilivre,PublicFreakout,NameThatSong,brasilivre,brasilivre,brasilivre,argentina,brasilivre
brasilivre,brasilivre,brasilivre,brasilivre,brasilivre,brasilivre,marvelmemes,brasilivre,brasilivre,brasilivre,brasilivre,brasilivre,brasilivre,brasilivre,brasilivre,brasilivre,brasilivre,carros,NameThatSong,brasilivre,brasilivre,brasilivre,argentina,brasilivre
brasilivre,brasilivre,brasilivre,brasilivre,brasilivre,brasilivre,BatmanArkham,brasilivre,brasilivre,brasilivre,carros,TNOmod,brasilivre,brasilivre,brasilivre,brasilivre,brasilivre,brasilivre,CityPorn,brasilivre,brasilivre,brasilivre,argentina,brasilivre
brasilivre,brasilivre,brasilivre,brasilivre,singularity,CoronavirusUS,vexillologycirclejerk,brasilivre,brasilivre,brasilivre,brasilivre,TNOmod,brasilivre,brasilivre,brasilivre,desabafos,brasilivre,brasilivre,CityPorn,brasilivre,brasilivre,brasilivre,argentina,brasilivre
brasilivre,brasilivre,brasilivre,brasilivre,brasilivre,brasilivre,brasilivre,brasilivre,brasilivre,brasilivre,brasilivre,TNOmod,brasilivre,brasilivre,brasilivre,desabafos,brasilivre,filmeseseries,CityPorn,brasilivre,brasilivre,brasilivre,argentina,brasilivre
brasilivre,brasilivre,brasilivre,brasilivre,2latinoforyou,brasilivre,brasilivre,botecodoreddit,brasilivre,brasilivre,brasilivre,brasilivre,brasilivre,brasilivre,brasilivre,brasilivre,brasilivre,filmes,brasilivre,brasilivre,brasilivre,brasilivre,argentina,brasilivre
brasilivre,brasilivre,brasilivre,brasilivre,brasilivre,brasilivre,tumblr,brasilivre,brasilivre,brasilivre,brasilivre,brasilivre,brasilivre,brasilivre,brasilivre,HUEstation,brasilivre,filmeseseries,CityPorn,brasilivre,brasilivre,brasilivre,argentina,brasilivre
brasilivre,brasilivre,brasilivre,brasilivre,ESTILOZAP,brasilivre,vexillologycirclejerk,brasilivre,brasilivre,brasilivre,brasilivre,TNOmod,brasilivre,brasilivre,brasilivre,brasilivre,ARMAS_BR,filmeseseries,CityPorn,brasilivre,brasilivre,brasilivre,argentina,brasilivre
farialimabets,brasilivre,brasilivre,brasilivre,brasilivre,brasilivre,brasilivre,brasilivre,brasilivre,brasilivre,brasilivre,brasilivre,brasilivre,brasilivre,brasilivre,brasilivre,brasilivre,filmes,CityPorn,brasilivre,brasilivre,brasilivre,argentina,brasilivre
brasilivre,brasilivre,brasilivre,brasilivre,brasilivre,brasilivre,TrueSTL,brasilivre,brasilivre,brasilivre,carros,brasilivre,brasilivre,brasilivre,brasilivre,sexualidade,brasilivre,carros,brasilivre,brasilivre,brasilivre,brasilivre,argentina,brasilivre
brasilivre,brasilivre,brasilivre,brasilivre,brasilivre,LockdownSkepticism,shittymoviedetails,brasilivre,brasilivre,brasilivre,brasilivre,brasilivre,brasilivre,brasilivre,brasilivre,sexualidade,brasilivre,carros,CityPorn,filmeseseries,relacionamentos,brasilivre,argentina,brasilivre
brasilivre,brasilivre,brasilivre,brasilivre,brasilivre,brasilivre,Invincible,brasilivre,brasilivre,brasilivre,carros,brasilivre,brasilivre,brasilivre,brasilivre,sexualidade,brasilivre,filmeseseries,CityPorn,brasilivre,brasilivre,brasilivre,argentina,brasilivre
brasilivre,brasilivre,brasilivre,brasilivre,futebol,brasilivre,shittymoviedetails,brasilivre,brasilivre,brasilivre,carros,brasilivre,brasilivre,brasilivre,brasilivre,MeJulgue,brasilivre,brasilivre,CityPorn,brasilivre,brasilivre,brasilivre,argentina,brasilivre
brasilivre,brasilivre,brasilivre,brasilivre,farialimabets,brasilivre,TrueSTL,brasilivre,brasilivre,brasilivre,UrbanHell,brasilivre,brasilivre,brasilivre,brasilivre,MeJulgue,ARMAS_BR,carros,CityPorn,brasilivre,brasilivre,brasilivre,argentina,brasilivre
brasilivre,brasilivre,brasilivre,brasilivre,brasilivre,brasilivre,porramauricio,brasilivre,brasilivre,brasilivre,porramauricio,brasilivre,brasilivre,brasilivre,brasilivre,brasilivre,brasilivre,carros,CityPorn,brasilivre,brasilivre,brasilivre,argentina,brasilivre
brasilivre,brasilivre,brasilivre,brasilivre,brasilivre,brasilivre,shittymoviedetails,brasilivre,brasilivre,brasilivre,BeloHorizonte,brasil,brasilivre,brasilivre,brasilivre,brasilivre,brasilivre,brasilivre,CityPorn,brasilivre,brasilivre,brasilivre,argentina,brasilivre
brasilivre,brasilivre,brasilivre,brasilivre,brasilivre,brasilivre,HeroForgeMinis,brasilivre,brasilivre,brasilivre,brasilivre,brasilivre,brasilivre,brasilivre,brasilivre,carros,ARMAS_BR,carros,CityPorn,brasilivre,brasilivre,brasilivre,argentina,brasilivre
brasilivre,brasilivre,brasilivre,brasil,brasilivre,brasilivre,PropagandaPosters,brasilivre,brasilivre,brasilivre,brasilivre,brasilivre,brasilivre,brasilivre,brasilivre,carros,brasilivre,carros,CityPorn,brasilivre,brasilivre,brasilivre,argentina,brasilivre
brasilivre,brasilivre,brasilivre,BeAmazed,singularity,AskALiberal,porramauricio,brasilivre,brasilivre,brasilivre,carros,TNOmod,brasilivre,brasilivre,brasilivre,brasilivre,ARMAS_BR,filmeseseries,CityPorn,brasilivre,brasilivre,brasilivre,argentina,brasilivre
brasilivre,brasilivre,brasilivre,WatchPeopleDieInside,farialimabets,LockdownSkepticism,marvelmemes,brasilivre,brasilivre,brasilivre,carros,brasilivre,brasilivre,brasilivre,brasilivre,brasilivre,ARMAS_BR,filmeseseries,CityPorn,brasilivre,brasilivre,brasilivre,argentina,brasilivre
brasilivre,brasilivre,brasilivre,oddlysatisfying,Twitter_Brasil,brasilivre,marvelmemes,brasilivre,brasilivre,brasilivre,BeloHorizonte,brasilivre,brasilivre,brasilivre,brasilivre,filmeseseries,ARMAS_BR,carros,brasilivre,brasilivre,brasilivre,brasilivre,argentina,brasilivre
brasilivre,brasilivre,brasilivre,NatureIsFuckingLit,pisca,brasilivre,PhoenixSC,brasilivre,brasilivre,brasilivre,brasilivre,brasilivre,brasilivre,brasilivre,brasilivre,brasilivre,brasilivre,filmeseseries,brasilivre,brasilivre,brasilivre,brasilivre,argentina,brasilivre
brasilivre,brasilivre,brasilivre,nonononoyes,farialimabets,brasilivre,brasilivre,brasilivre,brasilivre,brasilivre,brasilivre,memes,brasilivre,brasilivre,brasilivre,brasilivre,brasilivre,brasilivre,brasilivre,brasilivre,brasilivre,brasilivre,argentina,brasilivre
brasilivre,brasilivre,brasilivre,oddlysatisfying,brasilivre,brasilivre,Marvel,brasilivre,brasilivre,brasilivre,carros,brasilivre,brasilivre,brasilivre,brasilivre,brasilivre,ARMAS_BR,brasilivre,brasilivre,brasilivre,brasilivre,brasilivre,argentina,brasilivre
brasilivre,brasilivre,brasilivre,brasil,farialimabets,brasilivre,PrequelMemes,brasilivre,brasilivre,brasilivre,brasilivre,brasilivre,brasilivre,brasilivre,brasilivre,desabafos,brasilivre,carros,brasilivre,brasilivre,brasilivre,brasilivre,argentina,brasilivre
brasilivre,brasilivre,brasilivre,brasilivre,brasilivre,brasilivre,brasilivre,brasilivre,brasilivre,brasilivre,brasilivre,brasilivre,brasilivre,brasilivre,brasilivre,sexualidade,brasilivre,brasilivre,brasilivre,brasilivre,brasilivre,brasilivre,argentina,brasilivre
brasilivre,brasilivre,brasilivre,brasilivre,brasilivre,brasilivre,marvelmemes,brasilivre,brasilivre,brasilivre,brasilivre,brasilivre,brasilivre,brasilivre,brasilivre,conversas,brasilivre,brasilivre,brasilivre,brasilivre,brasilivre,brasilivre,argentina,brasilivre
brasilivre,brasilivre,brasilivre,brasilivre,Unexpected,brasilivre,HistoryMemes,brasilivre,brasilivre,brasilivre,brasilivre,brasilivre,brasilivre,brasilivre,brasilivre,farialimabets,Starfield,botecodoreddit,brasilivre,brasilivre,brasilivre,brasilivre,brasilivre,brasilivre
brasilivre,brasilivre,brasilivre,farialimabets,brasilivre,LockdownSkepticism,shittymoviedetails,brasilivre,brasilivre,brasilivre,farialimabets,brasilivre,brasilivre,brasilivre,brasilivre,golpe,brasilivre,brasilivre,brasilivre,brasilivre,InternetBrasil,brasilivre,argentina,brasilivre
brasilivre,brasilivre,brasilivre,PowerBI,PassportPorn,brasilivre,marvelmemes,brasilivre,brasilivre,brasilivre,argentina,brasilivre,HUEstation,brasilivre,brasilivre,golpe,brasilivre,filmeseseries,brasilivre,brasilivre,brasilivre,brasilivre,argentina,brasilivre
brasilivre,brasilivre,brasilivre,brasilivre,brasilivre,brasilivre,brasilivre,brasilivre,brasilivre,brasilivre,argentina,brasilivre,ShitpostBR,brasilivre,brasilivre,farialimabets,brasilivre,gororoba,brasilivre,brasilivre,brasilivre,brasilivre,argentina,brasilivre
brasilivre,brasilivre,brasilivre,brasilivre,futebol,brasilivre,brasilivre,brasilivre,brasilivre,brasilivre,argentina,brasilivre,MobileLegendsGame,brasilivre,brasilivre,farialimabets,brasilivre,brasilivre,brasilivre,brasilivre,portugal,brasilivre,argentina,brasilivre
brasilivre,brasilivre,brasilivre,brasilivre,brasilivre,brasilivre,brasilivre,brasilivre,brasilivre,brasilivre,argentina,brasilivre,brasilivre,brasilivre,brasilivre,carros,ARMAS_BR,farialimabets,brasilivre,brasilivre,brasilivre,brasilivre,argentina,brasilivre
brasilivre,brasilivre,brasilivre,brasilivre,brasilivre,brasilivre,brasilivre,Handhelds,brasilivre,brasilivre,carros,brasilivre,brasilivre,brasilivre,brasilivre,farialimabets,ARMAS_BR,brasilivre,brasilivre,brasilivre,brasilivre,brasilivre,argentina,brasilivre
brasilivre,brasilivre,brasilivre,brasilivre,MapPorn,brasilivre,brasilivre,brasilivre,brasilivre,brasilivre,brasilivre,brasilivre,brasilivre,brasilivre,brasilivre,carros,ARMAS_BR,farialimabets,brasilivre,brasilivre,brasilivre,brasilivre,argentina,brasilivre
brasilivre,brasilivre,brasilivre,brasilivre,MapPorn,brasilivre,brasilivre,brasilivre,brasilivre,brasilivre,brasilivre,brasilivre,brasilivre,brasilivre,brasilivre,carros,ARMAS_BR,brasil,CityPorn,brasilivre,brasilivre,brasilivre,argentina,brasilivre
brasilivre,brasilivre,brasilivre,brasilivre,brasilivre,brasilivre,Brazil,brasilivre,brasilivre,brasilivre,brasilivre,brasilivre,brasilivre,brasilivre,brasilivre,brasilivre,ARMAS_BR,filmeseseries,filmeseseries,brasilivre,brasilivre,brasilivre,argentina,brasilivre
brasilivre,brasilivre,brasilivre,brasilivre,brasilivre,brasilivre,brasilivre,brasilivre,brasilivre,brasilivre,BeloHorizonte,brasilivre,brasilivre,brasilivre,brasilivre,carros,Starfield,filmeseseries,CityPorn,brasilivre,brasilivre,brasilivre,argentina,brasilivre
brasilivre,brasilivre,brasilivre,brasil,brasilivre,brasilivre,brasilivre,brasilivre,brasilivre,brasilivre,BeloHorizonte,brasilivre,brasilivre,brasilivre,brasilivre,sexualidade,brasilivre,filmes,brasilivre,brasilivre,brasilivre,brasilivre,argentina,brasilivre
brasilivre,brasilivre,brasilivre,brasilivre,futebol,LockdownSkepticism,brasilivre,brasilivre,brasilivre,brasilivre,brasilivre,brasilivre,brasilivre,brasilivre,brasilivre,sexualidade,ARMAS_BR,carros,brasilivre,brasilivre,brasilivre,brasilivre,argentina,brasilivre
brasilivre,brasilivre,brasilivre,brasilivre,brasilivre,LockdownSkepticism,brasilivre,brasilivre,brasilivre,brasilivre,brasilivre,brasilivre,brasilivre,brasilivre,brasilivre,sexualidade,brasilivre,farialimabets,brasilivre,brasilivre,brasilivre,brasilivre,argentina,brasilivre
brasilivre,brasilivre,brasilivre,brasilivre,farialimabets,brasilivre,brasilivre,brasilivre,brasilivre,brasilivre,brasilivre,brasilivre,brasilivre,brasilivre,brasilivre,sexualidade,investimentos,brasilivre,brasilivre,brasilivre,brasilivre,brasilivre,argentina,brasilivre
brasilivre,brasilivre,brasilivre,brasilivre,Conservative,brasilivre,marvelmemes,brasilivre,brasilivre,brasilivre,brasilivre,brasilivre,brasilivre,brasilivre,brasilivre,sexualidade,scifi,brasil,CityPorn,brasilivre,brasilivre,brasilivre,Agario,brasilivre
brasilivre,brasilivre,brasilivre,brasilivre,Conservative,brasilivre,shittymoviedetails,brasilivre,brasilivre,brasilivre,brdev,brasilivre,brasilivre,brasilivre,brasilivre,brasilivre,brasilivre,brasilivre,brasilivre,brasilivre,brasil,brasilivre,Agario,brasilivre
brasilivre,brasilivre,brasilivre,brasilivre,brasilivre,brasilivre,brasilivre,brasilivre,brasilivre,brasilivre,carros,brasilivre,brasilivre,brasilivre,brasilivre,sexualidade,brasilivre,brasilivre,brasilivre,brasilivre,brasil,brasilivre,Agario,brasilivre
brasilivre,brasilivre,brasilivre,brasilivre,brasilivre,brasilivre,brasilivre,brasilivre,brasilivre,brasilivre,carros,brasilivre,mexico,brasilivre,brasilivre,sexualidade,MilitaryPorn,brasilivre,brasilivre,brasilivre,brasil,brasilivre,Agario,brasilivre
brasilivre,brasilivre,brasilivre,nextfuckinglevel,brasilivre,brasilivre,brasilivre,brasilivre,brasilivre,brasilivre,brdev,brasilivre,brasilivre,brasilivre,brasilivre,sexualidade,riograndedosul,brasilivre,brasilivre,UniversalOrlando,brasil,brasilivre,brasilivre,brasilivre
brasilivre,brasilivre,brasilivre,brasilivre,brasilivre,brasilivre,thomastheplankengine,brasilivre,brasilivre,brasilivre,brdev,brasilivre,brasilivre,brasilivre,brasilivre,sexualidade,brasilivre,farialimabets,brasilivre,brasilivre,futebol,brasilivre,gaming,brasilivre
brasilivre,brasilivre,brasilivre,brasilivre,Conservative,brasilivre,farialimabets,brasilivre,brasilivre,brasilivre,brdev,brasilivre,brasilivre,brasilivre,brasilivre,sexualidade,brasilivre,brasilivre,brasilivre,brasilivre,brasil,brasilivre,brasilivre,brasilivre
brasilivre,brasilivre,brasilivre,brasilivre,brasilivre,brasilivre,brasilivre,brasilivre,brasilivre,brasilivre,farialimabets,HistoryMemes,brasilivre,brasilivre,brasilivre,sexualidade,brasilivre,brasilivre,CityPorn,brasilivre,brasil,brasilivre,Fortaleza,brasilivre
brasilivre,brasilivre,brasilivre,brasilivre,brasilivre,brasilivre,brasilivre,brasilivre,brasilivre,brasilivre,farialimabets,HistoryMemes,brasilivre,brasilivre,brasilivre,sexualidade,brasilivre,brasilivre,brasilivre,brasilivre,brasil,brasilivre,amiugly,brasilivre
brasilivre,brasilivre,brasilivre,brasilivre,futebol,brasilivre,memes,brasilivre,brasilivre,brasilivre,carros,AbruptChaos,brasilivre,brasilivre,brasilivre,Idiomas,ARMAS_BR,brasilivre,brasilivre,brasilivre,brasil,brasilivre,brasil,brasilivre
brasilivre,Livros,brasilivre,brasilivre,farialimabets,brasilivre,brasilivre,brasilivre,brasilivre,brasilivre,brasilivre,AbruptChaos,brasilivre,brasilivre,brasilivre,sexualidade,brasilivre,brasilivre,brasilivre,brasilivre,brasil,brasilivre,brasilivre,eu_nvr
brasilivre,brasilivre,brasilivre,brasilivre,brasilivre,brasilivre,starterpacks,brasilivre,brasilivre,brasilivre,brasilivre,AbruptChaos,brasilivre,brasilivre,brasilivre,sexualidade,brasilivre,brasilivre,brasilivre,brasilivre,brasilivre,brasilivre,brasilivre,brasilivre
brasilivre,brasilivre,brasilivre,brasilivre,brasilivre,brasilivre,ShitPostCrusaders,brasilivre,brasilivre,brasilivre,brasilivre,brasilivre,brasilivre,brasilivre,brasilivre,brasilivre,ARMAS_BR,brasilivre,brasilivre,brasilivre,investimentos,brasilivre,brasilivre,brasilivre
brasilivre,brasilivre,brasilivre,brasilivre,singularity,brasilivre,brasilivre,brasilivre,brasilivre,brasilivre,carros,brasilivre,brasilivre,brasilivre,brasilivre,brasilivre,ARMAS_BR,brasilivre,PlusSizeFashion,brasilivre,investimentos,brasilivre,INFJmemes,brasilivre
brasilivre,brasilivre,brasilivre,brasilivre,brasilivre,brasilivre,porramauricio,brasilivre,brasilivre,brasilivre,brasilivre,brasilivre,brasilivre,brasilivre,brasilivre,brasilivre,EuSouOBabaca,brasilivre,brasilivre,brasilivre,investimentos,brasilivre,brasilivre,brasilivre
brasilivre,brasilivre,brasilivre,brasilivre,brasilivre,brasilivre,brasilivre,brasilivre,brasilivre,brasilivre,brdev,brasilivre,brasilivre,brasilivre,brasilivre,brasilivre,portoalegre,brasilivre,brasilivre,brasilivre,investimentos,brasilivre,brasilivre,brasilivre
brasilivre,brasilivre,brasilivre,brasilivre,brasilivre,brasilivre,brasilivre,brasilivre,brasilivre,brasilivre,brasilivre,brasilivre,brasilivre,brasilivre,brasilivre,carros,brasilivre,brasilivre,brasilivre,brasilivre,investimentos,brasilivre,brasilivre,brasilivre
brasilivre,brasilivre,brasilivre,brasilivre,brasilivre,brasilivre,brasilivre,brasilivre,brasilivre,brasilivre,brasilivre,brasilivre,brasilivre,brasilivre,brasilivre,brasilivre,brasilivre,brasilivre,brasilivre,brasilivre,investimentos,brasilivre,mbti,brasilivre
brasilivre,brasilivre,brasilivre,brasilivre,brasilivre,brasilivre,brasilivre,brasilivre,brasilivre,brasilivre,carros,brasilivre,brasilivre,brasilivre,brasilivre,brasilivre,brasilivre,brasilivre,brasilivre,brasilivre,investimentos,brasilivre,Fortaleza,brasilivre
brasilivre,brasilivre,brasilivre,brasilivre,brasilivre,brasilivre,brasilivre,brasilivre,brasilivre,brasilivre,carros,brasilivre,brasilivre,brasilivre,brasilivre,brasilivre,Brazil,farialimabets,brasilivre,brasilivre,investimentos,brasilivre,Fortaleza,brasilivre
brasilivre,brasilivre,brasilivre,brasilivre,brasilivre,Coronavirus,brasilivre,brasilivre,brasilivre,brasilivre,MeJulgue,brasilivre,brasilivre,brasilivre,brasilivre,brasilivre,brasilivre,brasilivre,brasilivre,brasilivre,investimentos,brasilivre,brasilivre,brasilivre
brasilivre,brasilivre,brasilivre,therewasanattempt,futebol,brasilivre,brasilivre,brasilivre,brasilivre,brasilivre,investimentos,brasilivre,eu_nvr,brasilivre,brasilivre,brasilivre,ARMAS_BR,brasilivre,brasilivre,brasilivre,investimentos,brasilivre,brasilivre,brasilivre
brasilivre,brasilivre,brasilivre,brasilivre,ESTILOZAP,brasilivre,brasilivre,brasilivre,brasilivre,brasilivre,investimentos,brasilivre,eu_nvr,brasilivre,brasilivre,carros,brasilivre,brasilivre,brasilivre,brasilivre,brasilivre,brasilivre,brasilivre,brasilivre
brasilivre,brasilivre,brasilivre,brasilivre,brasilivre,brasilivre,brasilivre,brasilivre,brasilivre,brasilivre,farialimabets,brasilivre,eu_nvr,brasilivre,brasilivre,sexualidade,ARMAS_BR,brasilivre,brasilivre,brasilivre,brasilivre,brasilivre,brasilivre,brasilivre
brasilivre,brasilivre,brasilivre,brasilivre,brasilivre,brasilivre,Sims4,brasilivre,brasilivre,brasilivre,carros,brasilivre,brasilivre,brasilivre,brasilivre,brasilivre,pics,brasilivre,foradecasa,brasilivre,farialimabets,brasilivre,brasilivre,brasilivre
brasilivre,brasilivre,brasilivre,brasilivre,futebol,brasilivre,fakehistoryporn,brasilivre,brasilivre,brasilivre,brasilivre,brasil,brasilivre,brasilivre,brasilivre,golpe,brasilivre,brasilivre,foradecasa,brasilivre,brasilivre,brasilivre,futebol,brasilivre
brasilivre,brasilivre,brasilivre,brasilivre,brasilivre,brasilivre,brasilivre,brasilivre,brasilivre,brasilivre,farialimabets,brasilivre,brasilivre,brasilivre,brasilivre,brasilivre,Starfield,farialimabets,brasilivre,brasilivre,brasilivre,brasilivre,futebol,brasilivre
brasilivre,brasilivre,brasilivre,brasilivre,brasilivre,brasilivre,me_irl,brasilivre,brasilivre,brasilivre,brasilivre,brasilivre,RepublicaArgentina,brasilivre,brasilivre,PizzaCrimes,brasilivre,brasilivre,conversasserias,brasilivre,investimentos,brasilivre,Fortaleza,brasilivre
brasilivre,brasilivre,brasilivre,brasilivre,brasilivre,brasilivre,dwarfposting,brasilivre,brasilivre,brasilivre,farialimabets,brasilivre,argentina,brasilivre,brasilivre,golpe,brasilivre,brasilivre,brasilivre,brasilivre,brasilivre,brasilivre,futebol,brasilivre
brasilivre,brasilivre,brasilivre,brasilivre,brasilivre,brasilivre,HistoryMemes,brasilivre,brasilivre,brasilivre,farialimabets,brasilivre,argentina,brasilivre,brasilivre,golpe,brasilivre,farialimabets,brasilivre,brasilivre,brasilivre,brasilivre,Fortaleza,brasilivre
brasilivre,brasilivre,brasilivre,brasilivre,brasilivre,brasilivre,JustUnsubbed,brasilivre,brasilivre,brasilivre,farialimabets,brasilivre,argentina,brasilivre,brasilivre,sexualidade,brasilivre,brasilivre,brasilivre,brasilivre,brasilivre,brasilivre,Fortaleza,brasilivre
brasilivre,brasilivre,brasilivre,brasilivre,brasilivre,LockdownSkepticism,brasilivre,brasilivre,brasilivre,brasilivre,brasilivre,brasilivre,argentina,brasilivre,brasilivre,brasilivre,brasilivre,brasilivre,brasilivre,brasilivre,brasilivre,brasilivre,futebol,brasilivre
brasilivre,brasilivre,brasilivre,brasilivre,brasilivre,LockdownSkepticism,brasilivre,brasilivre,brasilivre,brasilivre,carros,brasil,argentina,brasilivre,brasilivre,carros,Starfield,brasilivre,CityPorn,brasilivre,brasilivre,brasilivre,Fortaleza,MeJulgue
farialimabets,brasilivre,brasilivre,brasilivre,brdev,LockdownSkepticism,okbuddychicanery,brasilivre,brasilivre,brasilivre,farialimabets,brasilivre,argentina,brasilivre,brasilivre,carros,brasilivre,brasilivre,brasilivre,brasilivre,futebol,brasilivre,brasilivre,brasilivre
brasilivre,brasilivre,brasilivre,brasilivre,brasilivre,brasilivre,brasilivre,brasilivre,brasilivre,brasilivre,carros,brasilivre,argentina,brasilivre,brasilivre,carros,brasilivre,midjourney,CityPorn,brasilivre,futebol,brasilivre,brasilivre,brasilivre
brasilivre,brasilivre,brasilivre,WinStupidPrizes,brasilivre,brasilivre,PropagandaPosters,brasilivre,brasilivre,brasilivre,carros,brasilivre,argentina,brasilivre,brasilivre,carros,brasilivre,brasilivre,foradecasa,brasilivre,brasilivre,brasilivre,brasilivre,brasilivre
farialimabets,brasilivre,brasilivre,brasilivre,brasilivre,brasilivre,brasilivre,brasilivre,brasilivre,brasilivre,brasilivre,NonCredibleDefense,argentina,brasilivre,brasilivre,golpe,ARMAS_BR,brasilivre,foradecasa,brasilivre,InternetBrasil,brasilivre,Fortaleza,brasilivre
brasilivre,brasilivre,brasilivre,brasilivre,brasilivre,brasilivre,brasilivre,brasilivre,farialimabets,brasilivre,carros,hoi4,argentina,brasilivre,brasilivre,carros,ARMAS_BR,brasilivre,CityPorn,brasilivre,InternetBrasil,brasilivre,brasilivre,brasilivre
brasilivre,brasilivre,brasilivre,brasilivre,brasilivre,brasilivre,brasilivre,brasilivre,brasilivre,brasilivre,brasilivre,brasilivre,argentina,brasilivre,brasilivre,carros,ARMAS_BR,farialimabets,foradecasa,brasilivre,desabafos,brasilivre,brasilivre,brasilivre
brasilivre,brasil,brasilivre,brasilivre,brasilivre,brasilivre,vexillologycirclejerk,brasilivre,brasilivre,brasilivre,farialimabets,brasilivre,argentina,brasilivre,brasilivre,sexualidade,riograndedosul,brasilivre,foradecasa,brasilivre,brasilivre,brasilivre,brasilivre,brasilivre
brasilivre,brasil,brasilivre,brasilivre,brasilivre,brasilivre,BatmanArkham,brasilivre,brasilivre,brasilivre,farialimabets,brasilivre,argentina,brasilivre,brasilivre,brasilivre,brasilivre,brasilivre,foradecasa,brasilivre,brasilivre,brasilivre,brasilivre,brasilivre
brasilivre,brasil,brasilivre,brasilivre,brasilivre,trucksim,brasilivre,brasilivre,brasilivre,brasilivre,brasilivre,brasilivre,argentina,brasilivre,brasilivre,carros,ARMAS_BR,PublicFreakout,brasilivre,brasilivre,brasilivre,brasilivre,brasilivre,brasilivre
brasilivre,brasil,brasilivre,brasilivre,facepalm,brasilivre,JustUnsubbed,brasilivre,brasilivre,brasilivre,carros,brasilivre,argentina,brasilivre,brasilivre,carros,ARMAS_BR,PublicFreakout,CityPorn,brasilivre,brasilivre,brasilivre,brasilivre,brasilivre
brasilivre,brasil,brasilivre,brasilivre,Brazil,brasilivre,JustUnsubbed,brasilivre,BeelcitosMemes,brasilivre,MeJulgue,brasilivre,brasilivre,brasilivre,brasilivre,carros,brasilivre,brasilivre,foradecasa,brasilivre,brasilivre,brasilivre,brasilivre,brasilivre
brasilivre,brasil,brasilivre,brasilivre,PassportPorn,brasilivre,brasilivre,brasilivre,brasilivre,brasilivre,tableau,HistoryMemes,argentina,brasilivre,brasilivre,carros,brasilivre,brasilivre,foradecasa,brasilivre,brasilivre,brasilivre,brasilivre,brasilivre
brasilivre,brasil,brasilivre,brasilivre,PassportPorn,brasilivre,brasilivre,brasilivre,brasilivre,brasilivre,carros,brasilivre,argentina,brasilivre,brasilivre,carros,ARMAS_BR,farialimabets,CityPorn,brasilivre,brasil,brasilivre,brasilivre,brasilivre
brasilivre,brasilivre,brasilivre,brasilivre,brasilivre,brasilivre,okbuddychicanery,brasilivre,brasilivre,brasilivre,carros,brasilivre,argentina,brasilivre,brasilivre,carros,ARMAS_BR,farialimabets,foradecasa,brasilivre,brasil,brasilivre,brasilivre,brasilivre
brasilivre,minecraftbrasil,brasilivre,brasilivre,brasilivre,brasilivre,animebrasil,brasilivre,brasilivre,brasilivre,carros,brasilivre,argentina,brasilivre,brasilivre,carros,Starfield,farialimabets,foradecasa,brasilivre,brasilivre,brasilivre,brasilivre,brasilivre
brasilivre,brasilivre,brasilivre,brasilivre,PassportPorn,brasilivre,animebrasil,brasilivre,brasilivre,brasilivre,carros,brasilivre,argentina,brasilivre,brasilivre,carros,Starfield,saopaulo_livre,foradecasa,brasilivre,brasilivre,brasilivre,brasilivre,brasilivre
brasilivre,LiminalSpace,brasilivre,brasilivre,brasilivre,brasilivre,BrandNewSentence,brasilivre,brasilivre,brasilivre,farialimabets,brasilivre,argentina,brasilivre,brasilivre,carros,Starfield,brasilivre,CityPorn,brasilivre,farialimabets,brasilivre,brasilivre,brasilivre
brasilivre,brasilivre,brasilivre,brasil,brasilivre,brasilivre,JustUnsubbed,brasilivre,brasilivre,brasilivre,carros,brasilivre,argentina,brasilivre,brasilivre,carros,brasilivre,brasilivre,CityPorn,brasilivre,farialimabets,brasilivre,brasilivre,brasilivre
brasilivre,brasilivre,brasilivre,brasilivre,futebol,brasilivre,ShitPostCrusaders,brasilivre,brasilivre,brasilivre,brasilivre,brasilivre,argentina,brasilivre,brasilivre,carros,brasilivre,saopaulo_livre,brasilivre,brasilivre,sexualidade,brasilivre,brasilivre,brasilivre
brasilivre,brasilivre,brasilivre,brasilivre,brasilivre,brasilivre,tumblr,brasilivre,brasilivre,brasilivre,carros,brasilivre,argentina,brasilivre,brasilivre,carros,meirl,brasilivre,brasilivre,brasilivre,brasilivre,brasilivre,brasilivre,brasilivre
brasilivre,brasilivre,Recife,brasilivre,brasilivre,brasilivre,Invincible,brasilivre,brasilivre,brasilivre,brasilivre,brasilivre,brasilivre,brasilivre,brasilivre,carros,brasilivre,brasilivre,brasilivre,brasilivre,futebol,brasilivre,mbti,brasilivre
brasilivre,brasilivre,brasilivre,brasilivre,brasilivre,brasilivre,HistoryMemes,brasilivre,brasilivre,brasilivre,carros,brasilivre,brasilivre,brasilivre,brasilivre,carros,brasilivre,brasilivre,CityPorn,brasilivre,brasilivre,brasilivre,mbti,brasilivre
brasilivre,brasilivre,brasilivre,brasilivre,brasilivre,brasilivre,BrandNewSentence,brasilivre,brasilivre,brasilivre,brasilivre,brasilivre,brasilivre,brasilivre,brasilivre,carros,brasilivre,brasilivre,brasilivre,brasilivre,brasilivre,brasilivre,mbti,brasilivre
brasilivre,brasilivre,brasilivre,brasilivre,brasilivre,brasilivre,brasilivre,brasilivre,brasilivre,brasilivre,carros,brasilivre,argentina,brasilivre,brasilivre,curitiba,ARMAS_BR,farialimabets,brasilivre,brasilivre,brasilivre,brasilivre,Fortaleza,brasilivre
brasilivre,brasilivre,brasilivre,brasilivre,brasilivre,brasilivre,JustUnsubbed,brasilivre,brasilivre,brasilivre,brasilivre,brasilivre,argentina,brasilivre,brasilivre,carros,brasilivre,brasilivre,brasilivre,brasilivre,brasilivre,brasilivre,brasilivre,brasilivre
brasilivre,brasilivre,brasilivre,farialimabets,Brazil,brasilivre,JustUnsubbed,brasilivre,brasilivre,brasilivre,brdev,brasilivre,argentina,brasilivre,brasilivre,sexualidade,ARMAS_BR,brasilivre,brasilivre,brasilivre,brasilivre,brasilivre,brasilivre,brasilivre
brasilivre,brasilivre,brasilivre,brasilivre,brasilivre,brasilivre,JustUnsubbed,brasilivre,brasilivre,brasilivre,carros,brasilivre,argentina,brasilivre,brasilivre,brasilivre,scifi,farialimabets,CityPorn,brasilivre,brasilivre,brasilivre,brasilivre,brasilivre
brasilivre,brasilivre,brasilivre,brasilivre,AmericaBad,brasilivre,brasilivre,brasilivre,brasilivre,brasilivre,SkincareBR,brasilivre,argentina,brasilivre,brasilivre,brasilivre,scifi,brasilivre,CityPorn,brasilivre,brasilivre,brasilivre,brasilivre,brasilivre
brasilivre,brasilivre,brasilivre,brasilivre,AmericaBad,brasilivre,JustUnsubbed,brasilivre,brasilivre,brasilivre,carros,brasilivre,argentina,brasilivre,brasilivre,brasilivre,Starfield,farialimabets,CityPorn,brasilivre,brasilivre,brasilivre,Fortaleza,brasilivre
brasilivre,brasilivre,brasilivre,brasilivre,facepalm,brasilivre,JustUnsubbed,brasilivre,brasilivre,brasilivre,carros,brasilivre,SemContexto,brasilivre,brasilivre,carros,ARMAS_BR,brasilivre,brasilivre,n64,brasilivre,brasilivre,Fortaleza,brasilivre
brasilivre,brasilivre,brasilivre,brasilivre,brasilivre,brasilivre,JustUnsubbed,brasilivre,brasilivre,brasilivre,carros,brasilivre,brasilivre,brasilivre,brasilivre,carros,ARMAS_BR,brasilivre,CityPorn,brasilivre,brasilivre,brasilivre,brasilivre,brasilivre
brasilivre,brasilivre,brasilivre,brasilivre,brasilivre,brasilivre,starterpacks,brasilivre,brasilivre,brasilivre,carros,meme,farialimabets,brasilivre,brasilivre,brasilivre,Starfield,brasilivre,brasilivre,brasilivre,brasilivre,brasilivre,brasilivre,brasilivre
brasilivre,brasilivre,brasilivre,brasilivre,brasilivre,brasilivre,starterpacks,brasilivre,brasilivre,brasilivre,Twitter_Brasil,brasilivre,farialimabets,brasilivre,brasilivre,carros,brasilivre,brasilivre,brasilivre,brasilivre,brasilivre,brasilivre,brasilivre,brasilivre
brasilivre,brasilivre,brasilivre,brasilivre,brasilivre,brasilivre,starterpacks,brasilivre,brasilivre,brasilivre,MeJulgue,brasilivre,farialimabets,brasilivre,brasilivre,brasilivre,EuSouOBabaca,brasilivre,brasilivre,brasilivre,brasilivre,porramauricio,brasilivre,brasilivre
brasilivre,brasilivre,brasilivre,brasilivre,brdev,brasilivre,starterpacks,brasilivre,brasilivre,brasilivre,budapest,brasilivre,farialimabets,brasilivre,brasilivre,carros,brasilivre,brasilivre,brasilivre,brasilivre,brasilivre,brasilivre,brasilivre,brasilivre
brasilivre,brasilivre,brasilivre,brasilivre,ShitpostBR,brasilivre,starterpacks,brasilivre,brasilivre,brasilivre,MeJulgue,brasil,farialimabets,brasilivre,brasilivre,brasilivre,brasilivre,farialimabets,brasilivre,brasilivre,brasilivre,brasilivre,brasilivre,brasilivre
brasilivre,brasilivre,brasilivre,brasilivre,brasilivre,brasilivre,starterpacks,brasilivre,brasilivre,brasilivre,carros,brasilivre,farialimabets,brasilivre,brasilivre,brasilivre,ARMAS_BR,brasilivre,brasilivre,brasilivre,futebol,brasilivre,brasilivre,brasilivre
brasilivre,LiminalSpace,brasilivre,brasilivre,brasilivre,brasilivre,starterpacks,brasilivre,brasilivre,brasilivre,farialimabets,brasilivre,farialimabets,brasilivre,brasilivre,carros,ARMAS_BR,brasilivre,brasilivre,brasilivre,brasilivre,brasilivre,brasilivre,brasilivre
brasilivre,brasilivre,brasilivre,brasilivre,brasilivre,brasilivre,brasilivre,brasilivre,brasilivre,brasilivre,brasilivre,brasil,HUEstation,brasilivre,brasilivre,carros,brasilivre,brasilivre,brasilivre,brasilivre,brasilivre,brasilivre,brasilivre,brasilivre
brasilivre,brasilivre,brasilivre,brasilivre,brasilivre,brasilivre,virginvschad,brasilivre,brasilivre,brasilivre,BeloHorizonte,brasilivre,ShitpostBR,brasilivre,brasilivre,carros,brasilivre,farialimabets,brasilivre,brasilivre,futebol,brasilivre,brasilivre,brasilivre
brasilivre,brasilivre,brasilivre,brasilivre,botecodoreddit,brasilivre,shittymoviedetails,brasilivre,brasilivre,brasilivre,carros,NonCredibleDefense,brasilivre,brasilivre,brasilivre,brasilivre,brasilivre,brasilivre,MapPorn,brasilivre,futebol,brasilivre,mbti,brasilivre
brasilivre,brasilivre,brasilivre,brasilivre,Conservative,brasilivre,virginvschad,brasilivre,brasilivre,brasilivre,carros,brasilivre,brasilivre,brasilivre,brasilivre,brasilivre,brasilivre,brasilivre,desabafos,brasilivre,brasilivre,brasilivre,Fortaleza,brasilivre
brasilivre,brasilivre,brasilivre,brasilivre,brasilivre,Coronavirus,brasilivre,brasilivre,brasilivre,brasilivre,carros,Brazil,brasilivre,brasilivre,brasilivre,brasilivre,brasilivre,brasilivre,brasilivre,brasilivre,brasilivre,brasilivre,HUEstation,brasilivre
brasilivre,brasilivre,brasilivre,brasilivre,brasilivre,Coronavirus,HistoryMemes,brasilivre,farialimabets,brasilivre,carros,HistoryMemes,brasilivre,brasilivre,brasilivre,brasilivre,brasilivre,brasilivre,brasilivre,brasilivre,brasilivre,brasilivre,Fortaleza,brasilivre
brasilivre,brasilivre,brasilivre,brasilivre,AmericaBad,brasilivre,BatmanArkham,brasilivre,brasilivre,brasilivre,carros,brasilivre,brasilivre,brasilivre,brasilivre,carros,ARMAS_BR,brasilivre,brasilivre,brasilivre,brasilivre,brasilivre,relacionamentos,brasilivre
brasilivre,brasilivre,brasilivre,brasilivre,brasilivre,Coronavirus,HistoryMemes,brasilivre,brasilivre,brasilivre,carros,Brazil,brasilivre,brasilivre,brasilivre,conversas,ARMAS_BR,brasilivre,brasilivre,brasilivre,brasilivre,brasilivre,Fortaleza,brasilivre
brasilivre,brasilivre,brasilivre,brasilivre,singularity,Coronavirus,HistoryMemes,brasilivre,brasilivre,brasilivre,carros,TNOmod,brasilivre,brasilivre,brasilivre,sexualidade,brasilivre,brasilivre,brasilivre,brasilivre,futebol,brasilivre,Twitter_Brasil,brasilivre
brasilivre,brasilivre,brasilivre,brasilivre,futebol,Coronavirus,marvelmemes,brasilivre,brasilivre,brasilivre,brasilivre,HistoryMemes,brasilivre,brasilivre,brasilivre,brasilivre,brasilivre,brasilivre,MapPorn,brasilivre,futebol,brasilivre,brasilivre,brasilivre
brasilivre,brasilivre,brasilivre,brasilivre,singularity,Coronavirus,HistoryMemes,brasilivre,brasilivre,brasilivre,carros,brasilivre,brasilivre,brasilivre,brasilivre,brasilivre,ARMAS_BR,farialimabets,brasilivre,brasilivre,brasilivre,brasilivre,brasilivre,brasilivre
brasilivre,brasilivre,brasilivre,brasilivre,brasilivre,Coronavirus,shittymoviedetails,brasilivre,brasilivre,brasilivre,brasilivre,brasilivre,brasilivre,brasilivre,brasilivre,brasilivre,brasilivre,brasilivre,brasilivre,brasilivre,farialimabets,brasilivre,brasilivre,brasilivre
brasilivre,brasilivre,brasilivre,brasilivre,brasilivre,LockdownSkepticism,brasilivre,brasilivre,brasilivre,brasilivre,brasilivre,eu_nvr,brasilivre,brasilivre,brasilivre,brasilivre,brasilivre,brasilivre,brasilivre,brasilivre,brasilivre,brasilivre,brasilivre,brasilivre
brasilivre,brasilivre,brasilivre,motivation,brasilivre,brasilivre,brasilivre,brasilivre,brasilivre,brasilivre,brasilivre,eu_nvr,brasilivre,brasilivre,brasilivre,brasilivre,brasilivre,CrazyFuckingVideos,brasilivre,brasilivre,brasil,brasilivre,brasilivre,brasilivre
brasilivre,write,brasilivre,brasilivre,singularity,brasilivre,brasilivre,brasilivre,brasilivre,brasilivre,brasilivre,NonCredibleDefense,brasilivre,brasilivre,brasilivre,brasilivre,AppleWatch,farialimabets,brasilivre,brasilivre,futebol,brasilivre,brasilivre,brasilivre
brasilivre,write,brasilivre,brasilivre,brasilivre,brasilivre,brasilivre,brasilivre,brasilivre,brasilivre,brasilivre,brasilivre,brasilivre,brasilivre,brasilivre,brasilivre,brasilivre,brasilivre,brasilivre,brasilivre,futebol,brasilivre,brasilivre,brasilivre
brasilivre,write,brasilivre,brasilivre,investimentos,brasilivre,brasilivre,brasilivre,brasilivre,brasilivre,brasilivre,TNOmod,brasilivre,brasilivre,brasilivre,brasilivre,farialimabets,PublicFreakout,MapPorn,ResidentEvil2Remake,futebol,brasilivre,brasilivre,brasilivre
brasilivre,write,brasilivre,brasilivre,investimentos,brasilivre,brasilivre,brasilivre,brasilivre,brasilivre,brasilivre,TNOmod,brasilivre,brasilivre,brasilivre,brasilivre,ARMAS_BR,PublicFreakout,MapPorn,brasilivre,futebol,brasilivre,brasilivre,brasilivre
brasilivre,brasilivre,brasilivre,brasilivre,investimentos,brasilivre,brasilivre,brasilivre,brasilivre,brasilivre,carros,TNOmod,brasilivre,brasilivre,brasilivre,brasilivre,brasilivre,AbruptChaos,MapPorn,brasilivre,futebol,brasilivre,mbtimemes,brasilivre
brasilivre,brasilivre,brasilivre,brasilivre,investimentos,brasilivre,brasilivre,brasilivre,brasilivre,brasilivre,carros,fnki,brasilivre,brasilivre,brasilivre,brasilivre,brasilivre,PublicFreakout,brasilivre,brasilivre,futebol,brasilivre,mbtimemes,brasilivre
brasilivre,brasilivre,brasilivre,brasilivre,futebol,brasilivre,brasilivre,brasilivre,brasilivre,brasilivre,brasilivre,fnki,brasilivre,brasilivre,brasilivre,golpe,brasilivre,CrazyFuckingVideos,brasilivre,brasilivre,futebol,brasilivre,relacionamentos,brasilivre
brasilivre,brasilivre,brasilivre,brasilivre,brasilivre,brasilivre,brasilivre,brasilivre,brasilivre,brasilivre,brasilivre,brasilivre,brasilivre,brasilivre,brasilivre,brasilivre,brasilivre,brasilivre,asklatinamerica,brasilivre,futebol,brasilivre,relacionamentos,brasilivre
brasilivre,brasilivre,brasilivre,brasilivre,investimentos,brasilivre,brasilivre,brasilivre,brasilivre,brasilivre,farialimabets,brasilivre,brasilivre,brasilivre,brasilivre,brasilivre,Starfield,brasilivre,asklatinamerica,brasilivre,futebol,brasilivre,brasilivre,brasilivre
brasilivre,brasilivre,brasilivre,brasilivre,brasilivre,brasilivre,brasilivre,brasilivre,brasilivre,brasilivre,brasilivre,brasilivre,brasilivre,brasilivre,brasilivre,brasilivre,ARMAS_BR,brasilivre,asklatinamerica,brasilivre,futebol,brasilivre,French,brasilivre
brasilivre,brasilivre,brasilivre,brasilivre,brasilivre,brasilivre,brasilivre,brasilivre,brasilivre,brasilivre,brasilivre,Twitter_Brasil,farialimabets,brasilivre,brasilivre,golpe,brasilivre,brasilivre,brasilivre,brasilivre,futebol,brasilivre,mbtimemes,brasilivre
brasilivre,brasilivre,brasilivre,brasilivre,brasilivre,Coronavirus,brasilivre,brasilivre,brasilivre,brasilivre,brdev,brasilivre,Twitter_Brasil,brasilivre,brasilivre,brasilivre,brasilivre,brasilivre,brasilivre,brasilivre,futebol,brasilivre,brasilivre,brasilivre
brasilivre,brasilivre,brasilivre,brasilivre,AmericaBad,Coronavirus,brasilivre,brasilivre,brasilivre,brasilivre,PowerBI,brasilivre,Twitter_Brasil,brasilivre,brasilivre,brasilivre,AirTags,brasilivre,brasilivre,brasilivre,futebol,brasilivre,latinoamerica,HUEstation
brasilivre,brasilivre,brasilivre,brasilivre,brasilivre,Coronavirus,brasilivre,brasilivre,brasilivre,brasilivre,brdev,brasilivre,HUEstation,brasilivre,brasilivre,golpe,brasilivre,brasilivre,brasilivre,ResidentEvil2Remake,brasilivre,brasilivre,mbtimemes,brasilivre
brasilivre,brasilivre,brasilivre,brasilivre,brasilivre,brasilivre,BatmanArkham,brasilivre,brasilivre,brasilivre,carros,brasilivre,HUEstation,brasilivre,brasilivre,desabafos,CQB,brasilivre,brasilivre,brasilivre,brasil,brasilivre,mbtimemes,brasilivre
brasilivre,brasilivre,brasilivre,brasilivre,futebol,brasilivre,BatmanArkham,brasilivre,brasilivre,brasilivre,carros,hoi4,HUEstation,brasilivre,brasilivre,brasilivre,brasilivre,brasilivre,brasilivre,residentevil,brasil,brasilivre,mbtimemes,brasilivre
brasilivre,brasilivre,brasilivre,brasilivre,brasilivre,brasilivre,feedthememes,brasilivre,brasilivre,brasilivre,farialimabets,brasilivre,HUEstation,brasilivre,brasilivre,MeJulgue,brasilivre,brasilivre,monte_video,residentevil,farialimabets,brasilivre,mbtimemes,brasilivre
brasilivre,mountandblade,brasilivre,brasilivre,brasilivre,LockdownSkepticism,BatmanArkham,brasilivre,brasilivre,brasilivre,carros,brasilivre,HUEstation,brasilivre,brasilivre,farialimabets,Brazil,brasilivre,brasilivre,residentevil,soccer,brasilivre,Fortaleza,brasilivre
brasilivre,brasilivre,brasilivre,brasilivre,brasilivre,LockdownSkepticism,brasilivre,brasilivre,brasilivre,brasilivre,carros,brasilivre,HUEstation,brasilivre,brasilivre,carros,brasilivre,brasilivre,brasilivre,residentevil,soccer,argentina,brasilivre,brasilivre
brasilivre,Livros,brasilivre,brasilivre,brasilivre,LockdownSkepticism,starwarsmemes,brasilivre,brasilivre,brasilivre,brasilivre,brasilivre,HUEstation,brasilivre,brasilivre,farialimabets,AirTags,brasilivre,brasilivre,residentevil,soccer,TrueChristian,mbti,brasilivre
brasilivre,Livros,brasilivre,brasilivre,brasilivre,LockdownSkepticism,Invincible,brasilivre,brasilivre,brasilivre,brasilivre,brasilivre,HUEstation,brasilivre,brasilivre,farialimabets,brasilivre,brasilivre,conversas,brasilivre,soccer,brasilivre,mbti,brasilivre
brasilivre,Livros,brasilivre,brasilivre,brasilivre,brasilivre,HeroForgeMinis,brasilivre,brasilivre,brasilivre,brasilivre,brasilivre,HUEstation,brasilivre,brasilivre,farialimabets,riograndedosul,CrazyFuckingVideos,conversas,brasilivre,sexualidade,brasilivre,mbti,brasilivre
brasilivre,Livros,brasilivre,brasilivre,brasilivre,brasilivre,HeroForgeMinis,brasilivre,brasilivre,brasilivre,brdev,brasilivre,HUEstation,brasilivre,brasilivre,farialimabets,riograndedosul,dataisbeautiful,MapPorn,brasilivre,sexualidade,TrueChristian,mbti,brasilivre
CadeirasDeEscritorio,brasilivre,brasilivre,brasilivre,brasilivre,brasilivre,HeroForgeMinis,brasilivre,brasilivre,brasilivre,brasilivre,brasilivre,HUEstation,brasilivre,brasilivre,farialimabets,ARMAS_BR,brasilivre,brasilivre,brasilivre,brasilivre,brasilivre,mbti,brasilivre
brasilivre,brasilivre,brasilivre,brasilivre,futebol,brasilivre,vexillologycirclejerk,brasilivre,brasilivre,brasilivre,brasilivre,brasilivre,HUEstation,brasilivre,brasilivre,farialimabets,brasilivre,brasilivre,brasilivre,brasilivre,sexualidade,brasilivre,mbti,brasilivre
brasilivre,brasilivre,brasilivre,brasilivre,brasilivre,brasilivre,vexillologycirclejerk,brasilivre,brasilivre,brasilivre,carros,brasilivre,HUEstation,brasilivre,brasilivre,farialimabets,brasilivre,brasilivre,MapPorn,residentevil,futebol,brasilivre,mbti,brasilivre
brasilivre,brasilivre,brasilivre,brasilivre,brasilivre,brasilivre,HistoryMemes,brasilivre,brasilivre,brasilivre,ShitpostBR,brasilivre,HUEstation,brasilivre,brasilivre,farialimabets,brasilivre,brasilivre,brasilivre,brasilivre,futebol,brasilivre,mbti,brasilivre
brasilivre,brasilivre,brasilivre,brasilivre,brasilivre,brasilivre,BatmanArkham,brasilivre,brasilivre,brasilivre,eu_nvr,NonCredibleDefense,HUEstation,brasilivre,brasilivre,farialimabets,portoalegre,brasilivre,brasilivre,residentevil,brasilivre,brasilivre,mbti,brasilivre
brasilivre,brasilivre,brasilivre,brasilivre,brasilivre,brasilivre,TrueSTL,brasilivre,brasilivre,brasilivre,carros,TNOmod,HUEstation,brasilivre,brasilivre,farialimabets,brasilivre,brasilivre,MapPorn,residentevil,brasilivre,brasilivre,mbti,brasilivre
brasilivre,brasilivre,brasilivre,brasilivre,brasilivre,brasilivre,starwarsmemes,brasilivre,brasilivre,brasilivre,brasilivre,Twitter_Brasil,HUEstation,brasilivre,brasilivre,farialimabets,brasilivre,brasilivre,brasilivre,residentevil,brasilivre,brasilivre,mbti,brasilivre
brasilivre,brasilivre,brasilivre,brasilivre,futebol,brasilivre,starwarsmemes,brasilivre,brasilivre,brasilivre,BeloHorizonte,Twitter_Brasil,HUEstation,brasilivre,brasilivre,farialimabets,Starfield,brasilivre,brasilivre,residentevil,brasilivre,brasilivre,brasilivre,brasilivre
brasilivre,brasilivre,brasilivre,brasilivre,ChatGPT,brasilivre,MetalMemes,brasilivre,brasil,brasilivre,brdev,TNOmod,HUEstation,brasilivre,brasilivre,farialimabets,Starfield,brasilivre,brasilivre,brasilivre,brasilivre,brasilivre,mbti,brasilivre
brasilivre,brasilivre,brasilivre,brasilivre,futebol,brasilivre,ElderScrolls,brasilivre,brasilivre,brasilivre,brasilivre,brasilivre,HUEstation,brasilivre,brasilivre,farialimabets,Starfield,brasilivre,brasilivre,brasilivre,brasilivre,brasilivre,mbti,brasilivre
brasilivre,brasilivre,brasilivre,brasilivre,brasilivre,brasilivre,HistoryMemes,brasilivre,brasilivre,brasilivre,brasilivre,brasilivre,HUEstation,brasilivre,brasilivre,farialimabets,brasilivre,brasilivre,brasilivre,brasilivre,brasilivre,TrueChristian,INFJmemes,brasilivre
brasilivre,brasilivre,brasilivre,brasilivre,brasilivre,brasilivre,brasilivre,brasilivre,brasilivre,brasilivre,brasilivre,brasilivre,DebateComunismo,brasilivre,brasilivre,farialimabets,brasilivre,brasilivre,brasilivre,residentevil,futebol,brasilivre,Portuguese,brasilivre
brasilivre,brasilivre,brasilivre,brasilivre,brasilivre,brasilivre,HistoryMemes,brasilivre,brasilivre,brasilivre,brasilivre,brasil,DebateComunismo,brasilivre,brasilivre,farialimabets,brasilivre,brasilivre,brasilivre,residentevil,futebol,brasilivre,brasilivre,brasilivre
brasilivre,brasilivre,brasilivre,brasilivre,brasilivre,brasilivre,HistoryMemes,brasilivre,brasilivre,brasilivre,brasilivre,brasil,DebateComunismo,brasilivre,brasilivre,farialimabets,brasilivre,brasilivre,brasilivre,brasilivre,brasilivre,brasilivre,brasilivre,brasilivre
brasilivre,brasilivre,brasilivre,brasilivre,futebol,brasilivre,HistoryMemes,brasilivre,brasilivre,brasilivre,farialimabets,brasilivre,DebateComunismo,brasilivre,brasilivre,brasilivre,ARMAS_BR,brasilivre,brasilivre,residentevil,futebol,brasilivre,brasilivre,brasilivre
brasilivre,brasilivre,brasilivre,brasilivre,brasilivre,brasilivre,HeroForgeMinis,brasilivre,brasilivre,brasilivre,farialimabets,brasilivre,DebateComunismo,brasilivre,brasilivre,farialimabets,Brazil,brasilivre,brasilivre,brasilivre,brasilivre,brasilivre,brasilivre,brasilivre
brasilivre,brasilivre,brasilivre,brasilivre,brasilivre,brasilivre,flags,brasilivre,brasilivre,brasilivre,farialimabets,brasilivre,DebateComunismo,brasilivre,brasilivre,farialimabets,Starfield,brasilivre,brasilivre,brasilivre,brasilivre,brasilivre,brasilivre,brasilivre
brasilivre,brasilivre,brasilivre,brasilivre,Unexpected,LockdownSkepticism,PropagandaPosters,brasilivre,brasilivre,brasilivre,brdev,Twitter_Brasil,DebateComunismo,brasilivre,brasilivre,farialimabets,brasilivre,brasilivre,brasilivre,residentevil,brasilivre,brasilivre,brasilivre,brasilivre
brasilivre,brasilivre,brasilivre,brasilivre,brasilivre,brasilivre,ElderScrolls,brasilivre,brasilivre,brasilivre,brasilivre,eu_nvr,DebateComunismo,brasilivre,brasilivre,carros,Starfield,brasilivre,brasilivre,residentevil,futebol,brasilivre,brasilivre,brasilivre
brasilivre,brasilivre,brasilivre,brasilivre,futebol,brasilivre,ElderScrolls,brasilivre,brasil,brasilivre,brasilivre,brasilivre,DebateComunismo,brasilivre,brasilivre,carros,ARMAS_BR,brasilivre,brasilivre,residentevil,brasilivre,brasilivre,brasilivre,brasilivre
brasilivre,brasilivre,brasilivre,brasilivre,brasilivre,brasilivre,HistoryMemes,brasilivre,brasilivre,brasilivre,brasilivre,brasilivre,DebateComunismo,brasilivre,brasilivre,farialimabets,brasilivre,brasilivre,brasilivre,residentevil,brasilivre,brasilivre,brasilivre,brasilivre
brasilivre,brasilivre,brasilivre,needysluts,2latinoforyou,brasilivre,HeroForgeMinis,brasilivre,farialimabets,brasilivre,farialimabets,brasilivre,DebateComunismo,brasilivre,brasilivre,farialimabets,brasilivre,brasilivre,brasilivre,residentevil,brasilivre,brasilivre,brasilivre,brasilivre
investimentoslivre,brasilivre,brasilivre,brasilivre,brasilivre,LockdownSkepticism,HeroForgeMinis,brasilivre,brasilivre,brasilivre,brasilivre,Brazil,DebateComunismo,brasilivre,brasilivre,farialimabets,ARMAS_BR,brasilivre,brasilivre,residentevil,brasilivre,brasilivre,brasilivre,brasilivre
farialimabets,brasilivre,brasilivre,brasilivre,brasilivre,brasilivre,okbuddychicanery,brasilivre,brasilivre,brasilivre,CitiesSkylines,Brazil,DebateComunismo,brasilivre,brasilivre,farialimabets,antitrampo,brasilivre,brasilivre,residentevil,brasilivre,brasilivre,brasilivre,brasilivre
brasilivre,brasilivre,brasilivre,brasilivre,futebol,brasilivre,HeroForgeMinis,brasilivre,farialimabets,brasilivre,farialimabets,Twitter_Brasil,brasilivre,brasilivre,brasilivre,farialimabets,brasilivre,brasilivre,brasilivre,brasilivre,brasilivre,brasilivre,brasilivre,brasilivre
brasilivre,brasilivre,brasilivre,brasilivre,brasilivre,brasilivre,HeroForgeMinis,brasilivre,brasilivre,brasilivre,brasilivre,brasilivre,DebateComunismo,brasilivre,brasilivre,farialimabets,brasilivre,brasilivre,brasilivre,residentevil,brasilivre,brasilivre,brasilivre,brasilivre
brasilivre,inkarnate,brasilivre,brasilivre,singularity,brasilivre,Bossfight,brasilivre,brasilivre,brasilivre,argentina,brasilivre,DebateComunismo,brasilivre,brasilivre,farialimabets,brasilivre,brasilivre,brasilivre,residentevil,brasilivre,brasilivre,brasilivre,brasilivre
brasilivre,brasil,brasilivre,brasilivre,brasilivre,LockdownSkepticism,vexillologycirclejerk,brasilivre,brasilivre,brasilivre,brasilivre,TNOmod,DebateComunismo,brasilivre,brasilivre,farialimabets,ConselhosLegais,brasilivre,brasilivre,brasilivre,brasilivre,brasilivre,brasilivre,brasilivre
brasilivre,brasilivre,brasilivre,brasilivre,brasilivre,brasilivre,HistoryMemes,brasilivre,brasilivre,brasilivre,carros,TNOmod,DebateComunismo,brasilivre,brasilivre,farialimabets,brasilivre,brasilivre,brasilivre,brasilivre,brasilivre,brasilivre,brasilivre,brasilivre
brasilivre,brasilivre,brasilivre,brasilivre,brasilivre,brasilivre,ElderScrolls,brasilivre,brasilivre,brasilivre,brasilivre,NonCredibleDefense,DebateComunismo,brasilivre,brasilivre,farialimabets,brasilivre,brasilivre,brasilivre,brasilivre,brasilivre,brasilivre,brasilivre,brasilivre
brasilivre,brasilivre,brasilivre,brasilivre,brasilivre,brasilivre,Invincible,brasilivre,brasilivre,brasilivre,brasilivre,brasilivre,DebateComunismo,brasilivre,brasilivre,farialimabets,brasilivre,brasilivre,brasilivre,brasilivre,brasilivre,brasilivre,brasilivre,brasilivre
brasilivre,brasilivre,brasilivre,SexyTummies,brasilivre,brasilivre,HistoryMemes,brasilivre,brasilivre,brasilivre,brasilivre,brasilivre,DebateComunismo,brasilivre,brasilivre,farialimabets,brasilivre,saopaulo_livre,brasilivre,brasilivre,brasilivre,brasilivre,brasilivre,brasilivre
brasilivre,brasilivre,brasilivre,Whatcouldgowrong,brasilivre,LockdownSkepticism,hardimages,brasilivre,brasilivre,brasilivre,MeJulgue,brasilivre,DebateComunismo,brasilivre,brasilivre,gororoba,EuSouOBabaca,brasilivre,brasilivre,brasilivre,brasilivre,brasilivre,Fortaleza,brasilivre
brasilivre,brasilivre,brasilivre,brasilivre,brasilivre,brasilivre,HistoryMemes,brasilivre,brasilivre,brasilivre,brasilivre,brasilivre,DebateComunismo,brasilivre,brasilivre,farialimabets,brasilivre,brasilivre,brasilivre,brasilivre,brasilivre,brasilivre,pokemon,brasilivre
brasilivre,brasilivre,brasilivre,brasilivre,brasilivre,brasilivre,wizardposting,brasilivre,brasilivre,brasilivre,brasilivre,brasilivre,DebateComunismo,brasilivre,brasilivre,farialimabets,brasilivre,brasilivre,brasilivre,brasilivre,brasilivre,brasilivre,italianlearning,brasilivre
brasilivre,brasilivre,brasilivre,brasilivre,futebol,brasilivre,wizardposting,brasilivre,brasilivre,brasilivre,brasilivre,brasilivre,DebateComunismo,brasilivre,brasilivre,farialimabets,brasilivre,brasilivre,brasilivre,brasilivre,brasilivre,brasilivre,italianlearning,brasilivre
brasilivre,brasilivre,brasilivre,brasilivre,brasilivre,brasilivre,tumblr,brasilivre,brasilivre,brasilivre,foradecasa,brasilivre,DebateComunismo,brasilivre,brasilivre,farialimabets,brasilivre,brasilivre,brasilivre,brasilivre,brasilivre,brasilivre,mbti,brasilivre
brasilivre,Livros,brasilivre,HumansBeingBros,brasilivre,brasilivre,PropagandaPosters,brasilivre,brasilivre,brasilivre,carros,brasilivre,DebateComunismo,brasilivre,brasilivre,farialimabets,brasilivre,brasilivre,brasilivre,brasilivre,brasilivre,brasilivre,italianlearning,brasilivre
brasilivre,Livros,brasilivre,brasilivre,farialimabets,brasilivre,MinecraftMemes,brasilivre,brasilivre,brasilivre,brasilivre,NonCredibleDefense,DebateComunismo,brasilivre,brasilivre,farialimabets,ARMAS_BR,saopaulo,brasilivre,brasilivre,brasilivre,brasilivre,mbti,brasilivre
brasilivre,Livros,brasilivre,brasilivre,futebol,brasilivre,starwarsmemes,brasilivre,brasilivre,brasilivre,carros,Twitter_Brasil,DebateComunismo,brasilivre,brasilivre,farialimabets,ARMAS_BR,brasilivre,brasilivre,brasilivre,brasilivre,brasilivre,italianlearning,brasilivre
brasilivre,Livros,brasilivre,brasilivre,brasilivre,brasilivre,TrueSTL,brasilivre,brasilivre,brasilivre,brasilivre,Twitter_Brasil,brasilivre,brasilivre,brasilivre,carros,ARMAS_BR,brasilivre,brasilivre,brasilivre,brasilivre,brasilivre,mbti,brasilivre
brasilivre,Livros,brasilivre,brasilivre,brasilivre,brasilivre,JustUnsubbed,brasilivre,brasilivre,brasilivre,brasilivre,Twitter_Brasil,brasilivre,brasilivre,brasilivre,farialimabets,ARMAS_BR,brasilivre,brasilivre,brasilivre,brasilivre,brasilivre,italianlearning,brasilivre
brasilivre,Livros,brasilivre,brasilivre,brasilivre,brasilivre,JustUnsubbed,brasilivre,brasilivre,brasilivre,brasilivre,eu_nvr,HUEstation,brasilivre,brasilivre,RushRoyale,brasilivre,brasilivre,brasilivre,brasilivre,brasilivre,brasilivre,brasilivre,brasilivre
brasilivre,Livros,brasilivre,brasilivre,brasilivre,brasilivre,JustUnsubbed,brasilivre,brasilivre,brasilivre,conselhodecarreira,brasilivre,brasilivre,brasilivre,brasilivre,RushRoyale,portoalegre,brasilivre,brasilivre,brasilivre,brasilivre,brasilivre,brasilivre,brasilivre
brasilivre,Livros,brasilivre,brasilivre,brasilivre,brasilivre,Invincible,brasilivre,brasilivre,brasilivre,conselhodecarreira,brasilivre,brasilivre,brasilivre,brasilivre,farialimabets,ARMAS_BR,brasilivre,brasilivre,brasilivre,brasilivre,brasilivre,Portuguese,brasilivre
brasilivre,Livros,brasilivre,funny,brasilivre,LockdownSkepticism,ElderScrolls,brasilivre,brasilivre,brasilivre,carros,eu_nvr,brasilivre,brasilivre,brasilivre,RushRoyale,Starfield,brasilivre,brasilivre,brasilivre,desabafos,brasilivre,Portuguese,brasilivre
brasilivre,Livros,brasilivre,brasilivre,brasilivre,Coronavirus,Invincible,brasilivre,farialimabets,brasilivre,carros,eu_nvr,brasilivre,brasilivre,brasilivre,carros,brasilivre,brasilivre,brasilivre,brasilivre,brasilivre,brasilivre,isfj,brasilivre
brasilivre,Livros,brasilivre,brasilivre,brasil,LockdownSkepticism,Invincible,brasilivre,farialimabets,brasilivre,farialimabets,brasilivre,brasilivre,brasilivre,brasilivre,RushRoyale,Firearms,saopaulo_livre,brasilivre,brasilivre,brasilivre,brasilivre,isfj,brasilivre
brasilivre,Livros,brasilivre,brasilivre,singularity,LockdownSkepticism,MemePiece,brasilivre,brasilivre,brasilivre,farialimabets,brasilivre,brasilivre,brasilivre,brasilivre,carros,brasilivre,brasilivre,brasilivre,brasilivre,brasilivre,brasilivre,isfj,brasilivre
brasilivre,EscritoresBrasil,brasilivre,brasilivre,brasilivre,brasilivre,brasilivre,brasilivre,brasilivre,brasilivre,brasilivre,brasilivre,brasilivre,brasilivre,brasilivre,carros,AppleWatch,brasilivre,brasilivre,brasilivre,brasilivre,brasilivre,isfj,brasilivre
brasilivre,brasil,brasilivre,brasilivre,brasilivre,brasilivre,brasilivre,brasilivre,brasilivre,brasilivre,brasilivre,brasilivre,brasilivre,brasilivre,brasilivre,RushRoyale,brasilivre,brasilivre,brasilivre,brasilivre,brasilivre,brasilivre,isfj,brasilivre
brasilivre,elderscrollsonline,brasilivre,brasilivre,brasilivre,brasilivre,brasilivre,brasilivre,brasilivre,brasilivre,brdev,brasilivre,brasilivre,brasilivre,brasilivre,RelatosDoReddit,XboxSeriesX,brasilivre,brasilivre,brasilivre,brasilivre,brasilivre,isfj,brasilivre
brasilivre,elderscrollsonline,brasilivre,brasilivre,ExplainTheJoke,brasilivre,comedyhomicide,brasilivre,brasilivre,brasilivre,brasilivre,brasilivre,brasilivre,brasilivre,brasilivre,carros,AppleWatch,brasilivre,brasilivre,brasilivre,brasilivre,brasilivre,brasilivre,brasilivre
brasilivre,elderscrollsonline,brasilivre,brasilivre,brasilivre,brasilivre,comedyhomicide,brasilivre,farialimabets,brasilivre,farialimabets,brasilivre,brasilivre,brasilivre,brasilivre,conversas,AppleWatch,brasilivre,brasilivre,brasilivre,brasilivre,antitheistcheesecake,portugal,brasilivre
brasilivre,elderscrollsonline,brasilivre,brasilivre,brasilivre,brasilivre,comedyhomicide,brasilivre,ShitpostBR,brasilivre,carros,brasilivre,brasilivre,brasilivre,brasilivre,brasilivre,AppleWatch,brasilivre,brasilivre,brasilivre,brasilivre,brasilivre,isfj,brasilivre
brasilivre,elderscrollsonline,brasilivre,brasilivre,brasilivre,brasilivre,comedyhomicide,brasilivre,brasilivre,brasilivre,BeloHorizonte,acecombat,brasilivre,brasilivre,brasilivre,brasilivre,Starfield,brasilivre,brasilivre,residentevil,brasilivre,argentina,brasilivre,brasilivre
brasilivre,minecraftbrasil,brasilivre,brasilivre,brasilivre,brasilivre,BatmanArkham,brasilivre,brasilivre,brasilivre,BeloHorizonte,brasilivre,brasilivre,brasilivre,brasilivre,brasilivre,ARMAS_BR,brasilivre,brasilivre,brasilivre,brasilivre,brasilivre,brasilivre,brasilivre
brasilivre,brasilivre,brasilivre,brasilivre,brasilivre,LockdownSkepticism,ShitpostBR,brasilivre,brasilivre,brasilivre,brasilivre,brasilivre,brasilivre,brasilivre,brasilivre,brasilivre,brasilivre,brasilivre,brasilivre,residentevil,brasilivre,brasilivre,brasilivre,brasilivre
brasilivre,brasilivre,brasilivre,brasilivre,brasil,brasilivre,starwarsmemes,brasilivre,brasilivre,brasilivre,brasilivre,brasilivre,brasilivre,brasilivre,brasilivre,brasilivre,portoalegre,brasilivre,brasilivre,brasilivre,brasilivre,brasilivre,brasilivre,brasilivre
brasilivre,EscritoresBrasil,brasilivre,brasilivre,brasilivre,LockdownSkepticism,flags,brasilivre,brasilivre,brasilivre,carros,brasil,brasilivre,brasilivre,brasilivre,carros,ARMAS_BR,brasilivre,brasilivre,brasilivre,brasilivre,brasilivre,brasilivre,brasilivre
brasilivre,Livros,brasilivre,brasilivre,brasil,LockdownSkepticism,flags,brasilivre,brasilivre,brasilivre,Brazil,brasil,brasilivre,brasilivre,brasilivre,carros,brasilivre,brasilivre,brasilivre,brasilivre,brasilivre,brasilivre,brasilivre,brasilivre
brasilivre,inkarnate,brasilivre,brasilivre,futebol,LockdownSkepticism,flags,brasilivre,brasilivre,brasilivre,carros,brasilivre,HUEstation,brasilivre,brasilivre,Gambiarra,EuSouOBabaca,brasilivre,brasilivre,brasilivre,brasilivre,brasilivre,mbti,brasilivre
brasilivre,brasilivre,brasilivre,brasilivre,brasilivre,LockdownSkepticism,brasilivre,brasilivre,brasilivre,brasilivre,farialimabets,brasilivre,HUEstation,brasilivre,brasilivre,carros,brasilivre,brasilivre,brasilivre,brasilivre,brasilivre,brasilivre,brasilivre,brasilivre
brasilivre,brasilivre,brasilivre,brasilivre,brasilivre,LockdownSkepticism,flags,brasilivre,brasilivre,brasilivre,carros,brasilivre,brasilivre,brasilivre,brasilivre,carros,brasilivre,brasilivre,brasilivre,brasilivre,brasilivre,brasilivre,conversas,brasil
brasilivre,brasilivre,brasilivre,brasilivre,singularity,brasilivre,starwarsmemes,brasilivre,brasilivre,brasilivre,carros,brasilivre,brasilivre,brasilivre,brasilivre,Gambiarra,ARMAS_BR,brasilivre,brasilivre,brasilivre,brasilivre,brasilivre,mbti,brasilivre
brasilivre,brasilivre,brasilivre,brasilivre,brasilivre,brasilivre,starwarsmemes,brasilivre,brasilivre,brasilivre,conselhodecarreira,brasilivre,brasilivre,brasilivre,brasilivre,carros,ARMAS_BR,brasilivre,brasilivre,brasilivre,brasilivre,brasilivre,Fortaleza,brasilivre
brasilivre,inkarnate,brasilivre,brasilivre,brasilivre,LockdownSkepticism,flags,brasilivre,brasilivre,brasilivre,carros,acecombat,brasilivre,brasilivre,brasilivre,carros,Starfield,brasilivre,brasilivre,brasilivre,brasilivre,brasilivre,brasilivre,brasilivre
brasilivre,inkarnate,brasilivre,brasilivre,futebol,brasilivre,brasilivre,brasilivre,brasilivre,brasilivre,carros,HistoryMemes,brasilivre,brasilivre,brasilivre,desabafos,portoalegre,brasilivre,brasilivre,brasilivre,brasilivre,brasilivre,brasilivre,brasilivre
brasilivre,brasilivre,brasilivre,brasilivre,brasilivre,brasilivre,brasilivre,brasilivre,brasilivre,brasilivre,carros,brasilivre,HUEstation,brasilivre,brasilivre,brasilivre,Brazil,brasilivre,brasilivre,brasilivre,brasilivre,brasilivre,Fortaleza,brasilivre
brasilivre,brasilivre,brasilivre,brasilivre,brasilivre,brasilivre,brasilivre,brasilivre,brasilivre,brasilivre,brdev,brasilivre,HUEstation,brasilivre,brasilivre,carros,AppleWatch,brasilivre,brasilivre,ResidentEvil2Remake,brasilivre,brasilivre,brasilivre,brasilivre
